directory,file,name,description,triggers,pattern_category,animation_params,layout_params,slider_tab,slider_label,slider_type,target,css_property,min,max,step,default,unit
Gallery-and-Carousel,3D_Parallax_Gallery.html,3D Parallax Gallery,Grid gallery with 3D tilt on pointer move and content reveal on hover,"pointerMove; hover",pointer-tilt,"rotateZ (max Z rotation per card), moveX/moveY (max XY translation), content-reveal opacity (0→1), content-reveal translateY (10px→0), duration (300ms), easing (ease-out)","grid-template-columns (responsive 2–5 cols), grid gap, grid-auto-rows, card aspect-ratio, card border-radius, card box-shadow, card padding, perspective (on body), font-size (h3/p), numCards (32)",animation,Tilt Angle,cssVar,--max-rotate,,5,90,1,40,°
Gallery-and-Carousel,3D_Parallax_Gallery.html,3D Parallax Gallery,Grid gallery with 3D tilt on pointer move and content reveal on hover,"pointerMove; hover",pointer-tilt,"rotateZ (max Z rotation per card), moveX/moveY (max XY translation), content-reveal opacity (0→1), content-reveal translateY (10px→0), duration (300ms), easing (ease-out)","grid-template-columns (responsive 2–5 cols), grid gap, grid-auto-rows, card aspect-ratio, card border-radius, card box-shadow, card padding, perspective (on body), font-size (h3/p), numCards (32)",animation,Pointer Latency,cssVar,--pointer-latency,,0,1000,50,0,ms
Gallery-and-Carousel,3D_Parallax_Gallery.html,3D Parallax Gallery,Grid gallery with 3D tilt on pointer move and content reveal on hover,"pointerMove; hover",pointer-tilt,"rotateZ (max Z rotation per card), moveX/moveY (max XY translation), content-reveal opacity (0→1), content-reveal translateY (10px→0), duration (300ms), easing (ease-out)","grid-template-columns (responsive 2–5 cols), grid gap, grid-auto-rows, card aspect-ratio, card border-radius, card box-shadow, card padding, perspective (on body), font-size (h3/p), numCards (32)",animation,Direction,cssVar,--pointer-direction,,-1,1,2,-1,
Gallery-and-Carousel,3D_Parallax_Gallery.html,3D Parallax Gallery,Grid gallery with 3D tilt on pointer move and content reveal on hover,"pointerMove; hover",pointer-tilt,"rotateZ (max Z rotation per card), moveX/moveY (max XY translation), content-reveal opacity (0→1), content-reveal translateY (10px→0), duration (300ms), easing (ease-out)","grid-template-columns (responsive 2–5 cols), grid gap, grid-auto-rows, card aspect-ratio, card border-radius, card box-shadow, card padding, perspective (on body), font-size (h3/p), numCards (32)",animation,Perspective,css,.grid-container,perspective,200,3000,50,2000,px
Gallery-and-Carousel,3D_Parallax_Gallery.html,3D Parallax Gallery,Grid gallery with 3D tilt on pointer move and content reveal on hover,"pointerMove; hover",pointer-tilt,"rotateZ (max Z rotation per card), moveX/moveY (max XY translation), content-reveal opacity (0→1), content-reveal translateY (10px→0), duration (300ms), easing (ease-out)","grid-template-columns (responsive 2–5 cols), grid gap, grid-auto-rows, card aspect-ratio, card border-radius, card box-shadow, card padding, perspective (on body), font-size (h3/p), numCards (32)",layout,Grid Gap,css,.grid-container,gap,0,60,2,20,px
Gallery-and-Carousel,3D_Parallax_Gallery.html,3D Parallax Gallery,Grid gallery with 3D tilt on pointer move and content reveal on hover,"pointerMove; hover",pointer-tilt,"rotateZ (max Z rotation per card), moveX/moveY (max XY translation), content-reveal opacity (0→1), content-reveal translateY (10px→0), duration (300ms), easing (ease-out)","grid-template-columns (responsive 2–5 cols), grid gap, grid-auto-rows, card aspect-ratio, card border-radius, card box-shadow, card padding, perspective (on body), font-size (h3/p), numCards (32)",layout,Border Radius,css,.card-inner,borderRadius,0,100,1,20,px
Gallery-and-Carousel,AccordionScrollHorizontal.html,Accordion Scroll Horizontal,Horizontal accordion with panels expanding on hover,hover,hover-accordion,"panel width (220px→600px via h-expand), text opacity (0→1), text translateY (20px→0), duration (600ms), easing (cubic-bezier)","feature-column width/border-radius/box-shadow, feature-container gap/padding, feature-image object-fit, feature-text-group position/font-size",animation,Panel Speed,cssVar,--panel-speed,,0.2,3,0.1,1,×
Gallery-and-Carousel,AccordionScrollHorizontal.html,Accordion Scroll Horizontal,Horizontal accordion with panels expanding on hover,hover,hover-accordion,"panel width (220px→600px via h-expand), text opacity (0→1), text translateY (20px→0), duration (600ms), easing (cubic-bezier)","feature-column width/border-radius/box-shadow, feature-container gap/padding, feature-image object-fit, feature-text-group position/font-size",animation,Open Width,cssVar,--panel-open-width,,300,1200,10,600,px
Gallery-and-Carousel,AccordionScrollHorizontal.html,Accordion Scroll Horizontal,Horizontal accordion with panels expanding on hover,hover,hover-accordion,"panel width (220px→600px via h-expand), text opacity (0→1), text translateY (20px→0), duration (600ms), easing (cubic-bezier)","feature-column width/border-radius/box-shadow, feature-container gap/padding, feature-image object-fit, feature-text-group position/font-size",layout,Panel Border Radius,css,.feature-column,borderRadius,0,60,1,24,px
Gallery-and-Carousel,AccordionScrollHorizontal.html,Accordion Scroll Horizontal,Horizontal accordion with panels expanding on hover,hover,hover-accordion,"panel width (220px→600px via h-expand), text opacity (0→1), text translateY (20px→0), duration (600ms), easing (cubic-bezier)","feature-column width/border-radius/box-shadow, feature-container gap/padding, feature-image object-fit, feature-text-group position/font-size",layout,Panel Gap,css,.feature-container,gap,0,60,2,16,px
Gallery-and-Carousel,AccordionScrollHorizontal.html,Accordion Scroll Horizontal,Horizontal accordion with panels expanding on hover,hover,hover-accordion,"panel width (220px→600px via h-expand), text opacity (0→1), text translateY (20px→0), duration (600ms), easing (cubic-bezier)","feature-column width/border-radius/box-shadow, feature-container gap/padding, feature-image object-fit, feature-text-group position/font-size",layout,Panel Default Width,cssVar,--panel-default-width,,80,400,10,220,px
Gallery-and-Carousel,AccordionScrollHorizontal.html,Accordion Scroll Horizontal,Horizontal accordion with panels expanding on hover,hover,hover-accordion,"panel width (220px→600px via h-expand), text opacity (0→1), text translateY (20px→0), duration (600ms), easing (cubic-bezier)","feature-column width/border-radius/box-shadow, feature-container gap/padding, feature-image object-fit, feature-text-group position/font-size",layout,Panel Default Height,css,.feature-container,height,30,100,1,80,vh
Gallery-and-Carousel,AccordionScrollVertical.html,Accordion Scroll Vertical,Vertical accordion with panels expanding on hover,hover,hover-accordion,"panel maxHeight (20vh→50vh via expand-column), marginBottom compensation, text opacity (0→1), text translateY (20px→0), duration (500ms), easing (cubic-bezier)","feature-column max-height/border-radius/box-shadow, feature-container gap, feature-image object-fit, feature-text-group position/font-size",animation,Panel Speed,cssVar,--panel-speed,,0.2,3,0.1,1,×
Gallery-and-Carousel,AccordionScrollVertical.html,Accordion Scroll Vertical,Vertical accordion with panels expanding on hover,hover,hover-accordion,"panel maxHeight (20vh→50vh via expand-column), marginBottom compensation, text opacity (0→1), text translateY (20px→0), duration (500ms), easing (cubic-bezier)","feature-column max-height/border-radius/box-shadow, feature-container gap, feature-image object-fit, feature-text-group position/font-size",animation,Open Height,cssVar,--panel-open-height,,30,80,1,50,vh
Gallery-and-Carousel,AccordionScrollVertical.html,Accordion Scroll Vertical,Vertical accordion with panels expanding on hover,hover,hover-accordion,"panel maxHeight (20vh→50vh via expand-column), marginBottom compensation, text opacity (0→1), text translateY (20px→0), duration (500ms), easing (cubic-bezier)","feature-column max-height/border-radius/box-shadow, feature-container gap, feature-image object-fit, feature-text-group position/font-size",layout,Panel Border Radius,css,.feature-column,borderRadius,0,60,1,16,px
Gallery-and-Carousel,AccordionScrollVertical.html,Accordion Scroll Vertical,Vertical accordion with panels expanding on hover,hover,hover-accordion,"panel maxHeight (20vh→50vh via expand-column), marginBottom compensation, text opacity (0→1), text translateY (20px→0), duration (500ms), easing (cubic-bezier)","feature-column max-height/border-radius/box-shadow, feature-container gap, feature-image object-fit, feature-text-group position/font-size",layout,Panel Gap,cssVar,--panel-gap,,0,60,2,24,px
Gallery-and-Carousel,AccordionScrollVertical.html,Accordion Scroll Vertical,Vertical accordion with panels expanding on hover,hover,hover-accordion,"panel maxHeight (20vh→50vh via expand-column), marginBottom compensation, text opacity (0→1), text translateY (20px→0), duration (500ms), easing (cubic-bezier)","feature-column max-height/border-radius/box-shadow, feature-container gap, feature-image object-fit, feature-text-group position/font-size",layout,Panel Default Height,cssVar,--panel-default-height,,10,40,1,20,vh
Gallery-and-Carousel,AccordionScrollVertical.html,Accordion Scroll Vertical,Vertical accordion with panels expanding on hover,hover,hover-accordion,"panel maxHeight (20vh→50vh via expand-column), marginBottom compensation, text opacity (0→1), text translateY (20px→0), duration (500ms), easing (cubic-bezier)","feature-column max-height/border-radius/box-shadow, feature-container gap, feature-image object-fit, feature-text-group position/font-size",layout,Panel Default Width,css,.feature-container,width,20,100,1,100,%
Gallery-and-Carousel,BlurFocus_Gallery.html,Blur Focus Gallery,Grid gallery with blur/scale focus on hover,hover,hover-gallery,"scale (1→1.05), filter blur (0→5px), overlay background opacity, text opacity (0→1), translateY (10px→0), z-index (1→10), duration (300ms), easing (ease-out)","grid-template-columns (responsive), grid-auto-rows, gap, card border-radius, box-shadow, card-content font-size, text-shadow",animation,Blur Intensity,cssVar,--blur-intensity,,0,30,1,12,px
Gallery-and-Carousel,BlurFocus_Gallery.html,Blur Focus Gallery,Grid gallery with blur/scale focus on hover,hover,hover-gallery,"scale (1→1.05), filter blur (0→5px), overlay background opacity, text opacity (0→1), translateY (10px→0), z-index (1→10), duration (300ms), easing (ease-out)","grid-template-columns (responsive), grid-auto-rows, gap, card border-radius, box-shadow, card-content font-size, text-shadow",layout,Grid Gap,css,.grid-container,gap,0,80,2,40,px
Gallery-and-Carousel,BlurFocus_Gallery.html,Blur Focus Gallery,Grid gallery with blur/scale focus on hover,hover,hover-gallery,"scale (1→1.05), filter blur (0→5px), overlay background opacity, text opacity (0→1), translateY (10px→0), z-index (1→10), duration (300ms), easing (ease-out)","grid-template-columns (responsive), grid-auto-rows, gap, card border-radius, box-shadow, card-content font-size, text-shadow",layout,Border Radius,css,".card-inner, wix-interact-element, .card-overlay",borderRadius,0,100,1,2,px
Gallery-and-Carousel,CardSpread.html,Card Spread,Scroll-driven card spread with horizontal/vertical layout,viewProgress,scroll-card-stack,"translateX per card (desktop), translateY per card (mobile), rangeStart/End % (staggered), easing (linear)","scroll-section height, card width/height, border-radius, box-shadow, card padding, gap, sticky top/height",animation,Animation Speed,speed,,,0.1,2,0.1,1,×
Gallery-and-Carousel,CardSpread.html,Card Spread,Scroll-driven card spread with horizontal/vertical layout,viewProgress,scroll-card-stack,"translateX per card (desktop), translateY per card (mobile), rangeStart/End % (staggered), easing (linear)","scroll-section height, card width/height, border-radius, box-shadow, card padding, gap, sticky top/height",animation,Spread Distance,cssSpread,,,5,20,1,20,vw
Gallery-and-Carousel,CardSpread.html,Card Spread,Scroll-driven card spread with horizontal/vertical layout,viewProgress,scroll-card-stack,"translateX per card (desktop), translateY per card (mobile), rangeStart/End % (staggered), easing (linear)","scroll-section height, card width/height, border-radius, box-shadow, card padding, gap, sticky top/height",animation,Card Rotation,cssFan,"#card-1; #card-2; #card-3; #card-4; #card-5",rotate,0,30,1,0,deg
Gallery-and-Carousel,CardSpread.html,Card Spread,Scroll-driven card spread with horizontal/vertical layout,viewProgress,scroll-card-stack,"translateX per card (desktop), translateY per card (mobile), rangeStart/End % (staggered), easing (linear)","scroll-section height, card width/height, border-radius, box-shadow, card padding, gap, sticky top/height",layout,Card Border Radius,css,.card,borderRadius,0,100,1,16,px
Gallery-and-Carousel,CardSpread.html,Card Spread,Scroll-driven card spread with horizontal/vertical layout,viewProgress,scroll-card-stack,"translateX per card (desktop), translateY per card (mobile), rangeStart/End % (staggered), easing (linear)","scroll-section height, card width/height, border-radius, box-shadow, card padding, gap, sticky top/height",layout,Card Width,css,".card, #cards-collection",width,12,40,0.5,20,vw
Gallery-and-Carousel,CardSpreadByHover.html,Card Spread By Hover,Card spread on hover interaction,hover,hover-card-spread,"translateX per card (spread distance), duration, easing","card width/height, border-radius, box-shadow, gap, stack-container width",animation,Spread Distance,cssSpread,,,5,25,1,25,vw
Gallery-and-Carousel,CardSpreadByHover.html,Card Spread By Hover,Card spread on hover interaction,hover,hover-card-spread,"translateX per card (spread distance), duration, easing","card width/height, border-radius, box-shadow, gap, stack-container width",animation,Card Rotation,cssFan,"#card-1; #card-2; #card-3; #card-4; #card-5",rotate,0,30,1,0,deg
Gallery-and-Carousel,CardSpreadByHover.html,Card Spread By Hover,Card spread on hover interaction,hover,hover-card-spread,"translateX per card (spread distance), duration, easing","card width/height, border-radius, box-shadow, gap, stack-container width",layout,Card Border Radius,css,.card,borderRadius,0,100,1,16,px
Gallery-and-Carousel,CardSpreadByHover.html,Card Spread By Hover,Card spread on hover interaction,hover,hover-card-spread,"translateX per card (spread distance), duration, easing","card width/height, border-radius, box-shadow, gap, stack-container width",layout,Card Width,css,".card, #cards-collection",width,12,40,0.5,25,vw
Gallery-and-Carousel,ClassicHorizontalScroll.html,Classic Horizontal Scroll,Scroll-driven horizontal panels,viewProgress,scroll-storytelling,"translateX (0→-300vw), clipPath (polygon reveal), translateY (panel slide), rangeStart/End % (cover)","scroll-section height (500vh), panel width/height, panel padding, title font-size",animation,Animation Speed,speed,,,0.1,3,0.1,1,×
Gallery-and-Carousel,ClassicHorizontalScroll.html,Classic Horizontal Scroll,Scroll-driven horizontal panels,viewProgress,scroll-storytelling,"translateX (0→-300vw), clipPath (polygon reveal), translateY (panel slide), rangeStart/End % (cover)","scroll-section height (500vh), panel width/height, panel padding, title font-size",layout,Panel Width,cssVar,--panel-w,,30,150,5,100,vw
Gallery-and-Carousel,ClassicHorizontalScroll.html,Classic Horizontal Scroll,Scroll-driven horizontal panels,viewProgress,scroll-storytelling,"translateX (0→-300vw), clipPath (polygon reveal), translateY (panel slide), rangeStart/End % (cover)","scroll-section height (500vh), panel width/height, panel padding, title font-size",layout,Panel Height,cssVar,--panel-h,,50,100,5,100,vh
Gallery-and-Carousel,ClassicHorizontalScroll.html,Classic Horizontal Scroll,Scroll-driven horizontal panels,viewProgress,scroll-storytelling,"translateX (0→-300vw), clipPath (polygon reveal), translateY (panel slide), rangeStart/End % (cover)","scroll-section height (500vh), panel width/height, panel padding, title font-size",layout,Gap,cssVar,--panel-gap,,0,80,2,0,px
Gallery-and-Carousel,ClassicHorizontalScroll.html,Classic Horizontal Scroll,Scroll-driven horizontal panels,viewProgress,scroll-storytelling,"translateX (0→-300vw), clipPath (polygon reveal), translateY (panel slide), rangeStart/End % (cover)","scroll-section height (500vh), panel width/height, panel padding, title font-size",layout,Outer Padding,cssVar,--outer-pad,,0,100,2,0,px
Gallery-and-Carousel,CornerFoldScrollAnimation.html,Corner Fold Scroll,Scroll-driven corner fold with clipPath reveal,viewProgress,scroll-shape-morph,"clipPath inset (100%→0%), translateY (100vh→0), rangeStart/End % per panel (staggered), fold split point","banner (animated-title) height, image-container height",animation,Animation Speed,speed,,,0.1,2,0.1,1,×
Gallery-and-Carousel,CornerFoldScrollAnimation.html,Corner Fold Scroll,Scroll-driven corner fold with clipPath reveal,viewProgress,scroll-shape-morph,"clipPath inset (100%→0%), translateY (100vh→0), rangeStart/End % per panel (staggered), fold split point","banner (animated-title) height, image-container height",animation,Fold Point,foldSplit,,,50,85,5,50,%
Gallery-and-Carousel,CornerFoldScrollAnimation.html,Corner Fold Scroll,Scroll-driven corner fold with clipPath reveal,viewProgress,scroll-shape-morph,"clipPath inset (100%→0%), translateY (100vh→0), rangeStart/End % per panel (staggered), fold split point","banner (animated-title) height, image-container height",layout,Banner Height,css,.animated-title,height,20,100,2,40,px
Gallery-and-Carousel,CursorTrail.html,Cursor Trail,Cursor-following image pop-up effect,"pageVisible; custom",pointer-trail,"opacity (helper text fade), popAndFade animation, triggerDistance, baseSize, randomFactor","max-width/max-height (images), helper-text font-size",animation,Pop Duration,css,.popup-wrapper,animationDuration,0.3,1.5,0.05,0.55,s
Gallery-and-Carousel,CursorTrail.html,Cursor Trail,Cursor-following image pop-up effect,"pageVisible; custom",pointer-trail,"opacity (helper text fade), popAndFade animation, triggerDistance, baseSize, randomFactor","max-width/max-height (images), helper-text font-size",animation,Density,cssVar,--spawn-count,,1,15,1,1,
Gallery-and-Carousel,CursorTrail.html,Cursor Trail,Cursor-following image pop-up effect,"pageVisible; custom",pointer-trail,"opacity (helper text fade), popAndFade animation, triggerDistance, baseSize, randomFactor","max-width/max-height (images), helper-text font-size",animation,Gap / Stagger,cssVar,--trigger-distance,,15,200,5,85,
Gallery-and-Carousel,CursorTrail.html,Cursor Trail,Cursor-following image pop-up effect,"pageVisible; custom",pointer-trail,"opacity (helper text fade), popAndFade animation, triggerDistance, baseSize, randomFactor","max-width/max-height (images), helper-text font-size",layout,Image Size,cssVar,--base-size,,80,500,10,210,
Gallery-and-Carousel,CursorTrail.html,Cursor Trail,Cursor-following image pop-up effect,"pageVisible; custom",pointer-trail,"opacity (helper text fade), popAndFade animation, triggerDistance, baseSize, randomFactor","max-width/max-height (images), helper-text font-size",layout,Border Radius,cssVar,--border-radius,,0,50,1,0,
Gallery-and-Carousel,DiagonalShuffle.html,Diagonal Shuffle,Scroll-driven diagonal card fly-in,viewProgress,scroll-card-stack,"translateX/Y (initial→final), rotate, scale, opacity (0→1), rangeStart/End % per card, easing (ease-out)","scroll-section height, card width, aspect-ratio, border-radius, box-shadow, font-size",animation,Animation Speed,speed,,,0.1,2,0.1,1,×
Gallery-and-Carousel,DiagonalShuffle.html,Diagonal Shuffle,Scroll-driven diagonal card fly-in,viewProgress,scroll-card-stack,"translateX/Y (initial→final), rotate, scale, opacity (0→1), rangeStart/End % per card, easing (ease-out)","scroll-section height, card width, aspect-ratio, border-radius, box-shadow, font-size",layout,Angle,diagAngle,,,0,90,1,45,°
Gallery-and-Carousel,DiagonalShuffle.html,Diagonal Shuffle,Scroll-driven diagonal card fly-in,viewProgress,scroll-card-stack,"translateX/Y (initial→final), rotate, scale, opacity (0→1), rangeStart/End % per card, easing (ease-out)","scroll-section height, card width, aspect-ratio, border-radius, box-shadow, font-size",layout,Card Border Radius,css,.card,borderRadius,0,32,1,16,px
Gallery-and-Carousel,DiagonalShuffle.html,Diagonal Shuffle,Scroll-driven diagonal card fly-in,viewProgress,scroll-card-stack,"translateX/Y (initial→final), rotate, scale, opacity (0→1), rangeStart/End % per card, easing (ease-out)","scroll-section height, card width, aspect-ratio, border-radius, box-shadow, font-size",layout,Card Max Width,css,.card,maxWidth,200,1200,20,400,px
Gallery-and-Carousel,DigitalJukebox.html,Digital Jukebox,Scroll-driven 3D totem rotation with info panel,"viewProgress; customEffect",scroll-3d,"perspective(500px), rotateX (±25deg→0→∓25deg), translateZ (-350px→0→-350px), opacity (0.2→1→0.2), easing (linear)","list-item width/height/border-radius/margin (CSS vars), item-list padding (calc), scroll-view perspective, box-shadow",layout,Perspective,jukeboxPerspective,,,100,2000,25,500,px
Gallery-and-Carousel,DigitalJukebox.html,Digital Jukebox,Scroll-driven 3D totem rotation with info panel,"viewProgress; customEffect",scroll-3d,"perspective(500px), rotateX (±25deg→0→∓25deg), translateZ (-350px→0→-350px), opacity (0.2→1→0.2), easing (linear)","list-item width/height/border-radius/margin (CSS vars), item-list padding (calc), scroll-view perspective, box-shadow",layout,Item Border Radius,cssVar,--item-radius,,0,60,1,12,px
Gallery-and-Carousel,DigitalJukebox.html,Digital Jukebox,Scroll-driven 3D totem rotation with info panel,"viewProgress; customEffect",scroll-3d,"perspective(500px), rotateX (±25deg→0→∓25deg), translateZ (-350px→0→-350px), opacity (0.2→1→0.2), easing (linear)","list-item width/height/border-radius/margin (CSS vars), item-list padding (calc), scroll-view perspective, box-shadow",layout,Item Width,cssVar,--item-width,,300,1200,20,800,px
Gallery-and-Carousel,DigitalJukebox.html,Digital Jukebox,Scroll-driven 3D totem rotation with info panel,"viewProgress; customEffect",scroll-3d,"perspective(500px), rotateX (±25deg→0→∓25deg), translateZ (-350px→0→-350px), opacity (0.2→1→0.2), easing (linear)","list-item width/height/border-radius/margin (CSS vars), item-list padding (calc), scroll-view perspective, box-shadow",layout,Item Height,cssVar,--item-height,,200,800,20,512,px
Gallery-and-Carousel,DigitalJukebox.html,Digital Jukebox,Scroll-driven 3D totem rotation with info panel,"viewProgress; customEffect",scroll-3d,"perspective(500px), rotateX (±25deg→0→∓25deg), translateZ (-350px→0→-350px), opacity (0.2→1→0.2), easing (linear)","list-item width/height/border-radius/margin (CSS vars), item-list padding (calc), scroll-view perspective, box-shadow",layout,Item Spacing,cssVar,--item-gap,,0,100,2,32,px
Gallery-and-Carousel,DolphinAnimation.html,Dolphin Animation,Cursor-following particle burst animation,"pageVisible; customEffect",pointer-trail,"PARTICLE_LIFESPAN, BASE_PARTICLE_WIDTH, SIZE_VARIATION, PARTICLE_SPACING, HOP_HEIGHT, HOP_WIDTH","info-text font-size/color, particle-image box-shadow, IMAGE_SOURCES array",animation,Pop Duration,cssVar,--particle-lifespan,,30,180,5,80,
Gallery-and-Carousel,DolphinAnimation.html,Dolphin Animation,Cursor-following particle burst animation,"pageVisible; customEffect",pointer-trail,"PARTICLE_LIFESPAN, BASE_PARTICLE_WIDTH, SIZE_VARIATION, PARTICLE_SPACING, HOP_HEIGHT, HOP_WIDTH","info-text font-size/color, particle-image box-shadow, IMAGE_SOURCES array",animation,Density,cssVar,--density,,0.5,3,0.1,1,
Gallery-and-Carousel,DolphinAnimation.html,Dolphin Animation,Cursor-following particle burst animation,"pageVisible; customEffect",pointer-trail,"PARTICLE_LIFESPAN, BASE_PARTICLE_WIDTH, SIZE_VARIATION, PARTICLE_SPACING, HOP_HEIGHT, HOP_WIDTH","info-text font-size/color, particle-image box-shadow, IMAGE_SOURCES array",animation,Gap / Stagger,cssVar,--particle-spacing,,30,220,5,100,
Gallery-and-Carousel,DolphinAnimation.html,Dolphin Animation,Cursor-following particle burst animation,"pageVisible; customEffect",pointer-trail,"PARTICLE_LIFESPAN, BASE_PARTICLE_WIDTH, SIZE_VARIATION, PARTICLE_SPACING, HOP_HEIGHT, HOP_WIDTH","info-text font-size/color, particle-image box-shadow, IMAGE_SOURCES array",layout,Image Size,cssVar,--base-particle-width,,80,500,10,180,
Gallery-and-Carousel,DolphinAnimation.html,Dolphin Animation,Cursor-following particle burst animation,"pageVisible; customEffect",pointer-trail,"PARTICLE_LIFESPAN, BASE_PARTICLE_WIDTH, SIZE_VARIATION, PARTICLE_SPACING, HOP_HEIGHT, HOP_WIDTH","info-text font-size/color, particle-image box-shadow, IMAGE_SOURCES array",layout,Border Radius,cssVar,--particle-radius,,0,50,1,0,
Gallery-and-Carousel,EndlessParallax.html,Endless Parallax,2D parallax floating gallery with modal lightbox,"click; animationEnd",click-interaction,"modal opacity (0→1), modal-content scale (0.8→1), gallery blur (0→10px), duration, easing","NUM_TILES, BASE_IMAGE_SCALE, tile border-radius/box-shadow, modal max-width/max-height",animation,Animation Speed,cssVar,--drift-speed,,0.2,3,0.1,1,×
Gallery-and-Carousel,EndlessParallax.html,Endless Parallax,2D parallax floating gallery with modal lightbox,"click; animationEnd",click-interaction,"modal opacity (0→1), modal-content scale (0.8→1), gallery blur (0→10px), duration, easing","NUM_TILES, BASE_IMAGE_SCALE, tile border-radius/box-shadow, modal max-width/max-height",layout,Tile Border Radius,css,.gallery-tile,borderRadius,0,30,1,8,px
Gallery-and-Carousel,EndlessParallax.html,Endless Parallax,2D parallax floating gallery with modal lightbox,"click; animationEnd",click-interaction,"modal opacity (0→1), modal-content scale (0.8→1), gallery blur (0→10px), duration, easing","NUM_TILES, BASE_IMAGE_SCALE, tile border-radius/box-shadow, modal max-width/max-height",layout,Image Size,cssVar,--tile-scale,,0.3,2.5,0.1,1,×
Gallery-and-Carousel,EndlessParallax.html,Endless Parallax,2D parallax floating gallery with modal lightbox,"click; animationEnd",click-interaction,"modal opacity (0→1), modal-content scale (0.8→1), gallery blur (0→10px), duration, easing","NUM_TILES, BASE_IMAGE_SCALE, tile border-radius/box-shadow, modal max-width/max-height",layout,Image Density,cssVar,--num-tiles,,20,200,10,100,
Gallery-and-Carousel,ExpandingHorizontalScroll.html,Expanding Horizontal Scroll,Scroll-driven story panels with image scale,"viewEnter; viewProgress; customEffect",scroll-storytelling,"title letter opacity/translateY stagger, panel left (60vw→0vw), image translateX/scale, text opacity swap, rangeStart/End per panel","scroll-section height, panel font-size/color, panel-image width/aspect-ratio, title font-size, paragraph max-width",animation,Animation Speed,speed,,,0.1,2,0.1,1,×
Gallery-and-Carousel,ExpandingHorizontalScroll.html,Expanding Horizontal Scroll,Scroll-driven story panels with image scale,"viewEnter; viewProgress; customEffect",scroll-storytelling,"title letter opacity/translateY stagger, panel left (60vw→0vw), image translateX/scale, text opacity swap, rangeStart/End per panel","scroll-section height, panel font-size/color, panel-image width/aspect-ratio, title font-size, paragraph max-width",animation,Zoom Level,expandZoom,,,1,8,0.5,4,×
Gallery-and-Carousel,ExpandingHorizontalScroll.html,Expanding Horizontal Scroll,Scroll-driven story panels with image scale,"viewEnter; viewProgress; customEffect",scroll-storytelling,"title letter opacity/translateY stagger, panel left (60vw→0vw), image translateX/scale, text opacity swap, rangeStart/End per panel","scroll-section height, panel font-size/color, panel-image width/aspect-ratio, title font-size, paragraph max-width",layout,Panel Image Width,expandPanelWidth,,,5,14,1,10,vw
Gallery-and-Carousel,FerrisWheel.html,Ferris Wheel,Continuous Ferris wheel rotation of image tiles,pageVisible,continuous-loop,"ring-rotation: rotate (0→360deg), tile-counter-rotation: rotate (0→-360deg), duration (25s), iterations (∞), easing (linear)","tile-ring width/height, tile width/height/border-radius/box-shadow, title font-size",animation,Rotation Speed,speed,,,0.25,5,0.1,1,×
Gallery-and-Carousel,FerrisWheel.html,Ferris Wheel,Continuous Ferris wheel rotation of image tiles,pageVisible,continuous-loop,"ring-rotation: rotate (0→360deg), tile-counter-rotation: rotate (0→-360deg), duration (25s), iterations (∞), easing (linear)","tile-ring width/height, tile width/height/border-radius/box-shadow, title font-size",animation,Rotation Direction,ferrisDir,,,-1,1,2,1,
Gallery-and-Carousel,FerrisWheel.html,Ferris Wheel,Continuous Ferris wheel rotation of image tiles,pageVisible,continuous-loop,"ring-rotation: rotate (0→360deg), tile-counter-rotation: rotate (0→-360deg), duration (25s), iterations (∞), easing (linear)","tile-ring width/height, tile width/height/border-radius/box-shadow, title font-size",layout,Tile Border Radius,css,.tile,borderRadius,0,50,1,12,px
Gallery-and-Carousel,FerrisWheel.html,Ferris Wheel,Continuous Ferris wheel rotation of image tiles,pageVisible,continuous-loop,"ring-rotation: rotate (0→360deg), tile-counter-rotation: rotate (0→-360deg), duration (25s), iterations (∞), easing (linear)","tile-ring width/height, tile width/height/border-radius/box-shadow, title font-size",layout,Ring Size,cssVar,--r,,10,35,1,20,
Gallery-and-Carousel,FerrisWheel.html,Ferris Wheel,Continuous Ferris wheel rotation of image tiles,pageVisible,continuous-loop,"ring-rotation: rotate (0→360deg), tile-counter-rotation: rotate (0→-360deg), duration (25s), iterations (∞), easing (linear)","tile-ring width/height, tile width/height/border-radius/box-shadow, title font-size",layout,Tile Size,cssVar,--ts,,8,25,0.5,17,
Gallery-and-Carousel,HorizontalAndVerticalScroll.html,Horizontal & Vertical Scroll,Cards slide up then scroll horizontally then slide out,viewProgress,scroll-storytelling,"translateX (0vw→end responsive), translateY per card (100vh→0vh), rangeStart/End per card, easing (linear)","scroll-section height, card height/width (responsive), card border-radius/gap, font-size",animation,Animation Speed,speed,,,0.5,2,0.1,1,×
Gallery-and-Carousel,HorizontalAndVerticalScroll.html,Horizontal & Vertical Scroll,Cards slide up then scroll horizontally then slide out,viewProgress,scroll-storytelling,"translateX (0vw→end responsive), translateY per card (100vh→0vh), rangeStart/End per card, easing (linear)","scroll-section height, card height/width (responsive), card border-radius/gap, font-size",layout,Card Width,hvsReload,cardW,,20,50,0.5,33.3,vw
Gallery-and-Carousel,HorizontalAndVerticalScroll.html,Horizontal & Vertical Scroll,Cards slide up then scroll horizontally then slide out,viewProgress,scroll-storytelling,"translateX (0vw→end responsive), translateY per card (100vh→0vh), rangeStart/End per card, easing (linear)","scroll-section height, card height/width (responsive), card border-radius/gap, font-size",layout,Card Height,hvsReload,cardH,,40,90,1,75,vh
Gallery-and-Carousel,HorizontalAndVerticalScroll.html,Horizontal & Vertical Scroll,Cards slide up then scroll horizontally then slide out,viewProgress,scroll-storytelling,"translateX (0vw→end responsive), translateY per card (100vh→0vh), rangeStart/End per card, easing (linear)","scroll-section height, card height/width (responsive), card border-radius/gap, font-size",layout,Card Gap,hvsReload,gap,,0,50,1,4,px
Gallery-and-Carousel,HorizontalAndVerticalScroll.html,Horizontal & Vertical Scroll,Cards slide up then scroll horizontally then slide out,viewProgress,scroll-storytelling,"translateX (0vw→end responsive), translateY per card (100vh→0vh), rangeStart/End per card, easing (linear)","scroll-section height, card height/width (responsive), card border-radius/gap, font-size",layout,Card Border Radius,hvsReload,radius,,0,48,1,16,px
Gallery-and-Carousel,HorizontalCarouselPerspective.html,Horizontal Carousel Perspective,Responsive 3D card deck with scroll-driven rotation,"viewProgress; customEffect",scroll-3d,"translateX/Y, translateZ, rotateY/X, opacity per card (staggered), dynamic title swap, easing (linear)","scroll-section height, animation-viewport perspective, card width/height/border-radius/box-shadow, title font-size",animation,3D Depth,carouselDepth,,,0,2,0.1,1,×
Gallery-and-Carousel,HorizontalCarouselPerspective.html,Horizontal Carousel Perspective,Responsive 3D card deck with scroll-driven rotation,"viewProgress; customEffect",scroll-3d,"translateX/Y, translateZ, rotateY/X, opacity per card (staggered), dynamic title swap, easing (linear)","scroll-section height, animation-viewport perspective, card width/height/border-radius/box-shadow, title font-size",animation,Card Spacing,carouselGap,,,0.3,2.5,0.1,1,×
Gallery-and-Carousel,HorizontalCarouselPerspective.html,Horizontal Carousel Perspective,Responsive 3D card deck with scroll-driven rotation,"viewProgress; customEffect",scroll-3d,"translateX/Y, translateZ, rotateY/X, opacity per card (staggered), dynamic title swap, easing (linear)","scroll-section height, animation-viewport perspective, card width/height/border-radius/box-shadow, title font-size",layout,Card Border Radius,css,.card,borderRadius,0,60,1,24,px
Gallery-and-Carousel,HorizontalCarouselPerspective.html,Horizontal Carousel Perspective,Responsive 3D card deck with scroll-driven rotation,"viewProgress; customEffect",scroll-3d,"translateX/Y, translateZ, rotateY/X, opacity per card (staggered), dynamic title swap, easing (linear)","scroll-section height, animation-viewport perspective, card width/height/border-radius/box-shadow, title font-size",layout,Card Width,css,.card,width,200,1200,20,500,px
Gallery-and-Carousel,HorizontalCarouselPerspective.html,Horizontal Carousel Perspective,Responsive 3D card deck with scroll-driven rotation,"viewProgress; customEffect",scroll-3d,"translateX/Y, translateZ, rotateY/X, opacity per card (staggered), dynamic title swap, easing (linear)","scroll-section height, animation-viewport perspective, card width/height/border-radius/box-shadow, title font-size",layout,Card Height,css,.card,height,20,90,1,60,vh
Gallery-and-Carousel,HorizontalLanes.html,Horizontal Lanes,Multi-row horizontal parallax infinite loop with lightbox,viewEnter,parallax-lanes,"translateX (-50%→0 or 0→-50%) per row, duration (40s–55s), iterations (∞), easing (linear)","gallery-row flex/overflow, image-container height/padding, image border-radius, lightbox max-width",animation,Lane Speed,speed,,,0.25,5,0.1,1,×
Gallery-and-Carousel,HorizontalLanes.html,Horizontal Lanes,Multi-row horizontal parallax infinite loop with lightbox,viewEnter,parallax-lanes,"translateX (-50%→0 or 0→-50%) per row, duration (40s–55s), iterations (∞), easing (linear)","gallery-row flex/overflow, image-container height/padding, image border-radius, lightbox max-width",layout,Image Border Radius,cssVar,--img-border-radius,,0,100,1,24,px
Gallery-and-Carousel,HorizontalLanes.html,Horizontal Lanes,Multi-row horizontal parallax infinite loop with lightbox,viewEnter,parallax-lanes,"translateX (-50%→0 or 0→-50%) per row, duration (40s–55s), iterations (∞), easing (linear)","gallery-row flex/overflow, image-container height/padding, image border-radius, lightbox max-width",layout,Image Padding,cssVar,--img-padding,,0,50,1,15,px
Gallery-and-Carousel,HorizontalLanes.html,Horizontal Lanes,Multi-row horizontal parallax infinite loop with lightbox,viewEnter,parallax-lanes,"translateX (-50%→0 or 0→-50%) per row, duration (40s–55s), iterations (∞), easing (linear)","gallery-row flex/overflow, image-container height/padding, image border-radius, lightbox max-width",layout,Row Height,cssVar,--row-height,,25,50,1,25,vh
Gallery-and-Carousel,HorizontallyScrollingGallery.html,Horizontally Scrolling Gallery,Hover-driven 3D rotation with clipPath reveal + GSAP scroll,hover,hover-gallery,"clipPath ellipse (0→35%×45%), rotate (0→45deg), scale (1→1.5), text opacity (0→1), transition (600ms), easing (cubic-bezier)","gallery-item height/width/margin/border-radius, gallery-grid padding",animation,Hover Speed,durationScale,,,0.2,3,0.1,1,×
Gallery-and-Carousel,HorizontallyScrollingGallery.html,Horizontally Scrolling Gallery,Hover-driven 3D rotation with clipPath reveal + GSAP scroll,hover,hover-gallery,"clipPath ellipse (0→35%×45%), rotate (0→45deg), scale (1→1.5), text opacity (0→1), transition (600ms), easing (cubic-bezier)","gallery-item height/width/margin/border-radius, gallery-grid padding",animation,Scroll Speed,gsapScrollSpeed,,,0.2,4,0.2,1,×
Gallery-and-Carousel,HorizontallyScrollingGallery.html,Horizontally Scrolling Gallery,Hover-driven 3D rotation with clipPath reveal + GSAP scroll,hover,hover-gallery,"clipPath ellipse (0→35%×45%), rotate (0→45deg), scale (1→1.5), text opacity (0→1), transition (600ms), easing (cubic-bezier)","gallery-item height/width/margin/border-radius, gallery-grid padding",animation,Hover Shape,clipShape,,,,,,ellipse,
Gallery-and-Carousel,HorizontallyScrollingGallery.html,Horizontally Scrolling Gallery,Hover-driven 3D rotation with clipPath reveal + GSAP scroll,hover,hover-gallery,"clipPath ellipse (0→35%×45%), rotate (0→45deg), scale (1→1.5), text opacity (0→1), transition (600ms), easing (cubic-bezier)","gallery-item height/width/margin/border-radius, gallery-grid padding",layout,Card Size,proportionalSize,".gallery-item; .gallery-item","width; height",50,150,5,100,%
Gallery-and-Carousel,HorizontallyScrollingGallery.html,Horizontally Scrolling Gallery,Hover-driven 3D rotation with clipPath reveal + GSAP scroll,hover,hover-gallery,"clipPath ellipse (0→35%×45%), rotate (0→45deg), scale (1→1.5), text opacity (0→1), transition (600ms), easing (cubic-bezier)","gallery-item height/width/margin/border-radius, gallery-grid padding",layout,Card Border Radius,css,.gallery-item,borderRadius,0,50,1,16,px
Gallery-and-Carousel,Interactive_ Rotating_Gallery_Grid.html,Rotating Gallery Grid,Hover-driven 3D rotation with clipPath reveal + pointer tilt,"hover; pointerMove",pointer-tilt,"rotateZ (max Z rotation per card, default 15°), moveXY (max translation per card, default 40px), pointer-latency (transition smoothing, default 50ms), pointer-direction (1=follow, -1=invert), content-reveal opacity+translateY, duration 300ms","body perspective (1000px), grid-container gap (40px), card-inner border-radius (20px), grid-template-columns (8/4/3/2 cols)",animation,Max Rotation,cssVar,--max-rotate-z,,0,90,1,15,°
Gallery-and-Carousel,Interactive_ Rotating_Gallery_Grid.html,Rotating Gallery Grid,Hover-driven 3D rotation with clipPath reveal + pointer tilt,"hover; pointerMove",pointer-tilt,"rotateZ (max Z rotation per card, default 15°), moveXY (max translation per card, default 40px), pointer-latency (transition smoothing, default 50ms), pointer-direction (1=follow, -1=invert), content-reveal opacity+translateY, duration 300ms","body perspective (1000px), grid-container gap (40px), card-inner border-radius (20px), grid-template-columns (8/4/3/2 cols)",animation,Max Movement,cssVar,--max-move,,0,200,5,40,px
Gallery-and-Carousel,Interactive_ Rotating_Gallery_Grid.html,Rotating Gallery Grid,Hover-driven 3D rotation with clipPath reveal + pointer tilt,"hover; pointerMove",pointer-tilt,"rotateZ (max Z rotation per card, default 15°), moveXY (max translation per card, default 40px), pointer-latency (transition smoothing, default 50ms), pointer-direction (1=follow, -1=invert), content-reveal opacity+translateY, duration 300ms","body perspective (1000px), grid-container gap (40px), card-inner border-radius (20px), grid-template-columns (8/4/3/2 cols)",animation,Pointer Latency,cssVar,--pointer-latency,,0,1000,50,50,ms
Gallery-and-Carousel,Interactive_ Rotating_Gallery_Grid.html,Rotating Gallery Grid,Hover-driven 3D rotation with clipPath reveal + pointer tilt,"hover; pointerMove",pointer-tilt,"rotateZ (max Z rotation per card, default 15°), moveXY (max translation per card, default 40px), pointer-latency (transition smoothing, default 50ms), pointer-direction (1=follow, -1=invert), content-reveal opacity+translateY, duration 300ms","body perspective (1000px), grid-container gap (40px), card-inner border-radius (20px), grid-template-columns (8/4/3/2 cols)",animation,Direction,cssVar,--pointer-direction,,-1,1,2,1,
Gallery-and-Carousel,Interactive_ Rotating_Gallery_Grid.html,Rotating Gallery Grid,Hover-driven 3D rotation with clipPath reveal + pointer tilt,"hover; pointerMove",pointer-tilt,"rotateZ (max Z rotation per card, default 15°), moveXY (max translation per card, default 40px), pointer-latency (transition smoothing, default 50ms), pointer-direction (1=follow, -1=invert), content-reveal opacity+translateY, duration 300ms","body perspective (1000px), grid-container gap (40px), card-inner border-radius (20px), grid-template-columns (8/4/3/2 cols)",layout,Grid Gap,css,.grid-container,gap,10,60,2,40,px
Gallery-and-Carousel,Interactive_ Rotating_Gallery_Grid.html,Rotating Gallery Grid,Hover-driven 3D rotation with clipPath reveal + pointer tilt,"hover; pointerMove",pointer-tilt,"rotateZ (max Z rotation per card, default 15°), moveXY (max translation per card, default 40px), pointer-latency (transition smoothing, default 50ms), pointer-direction (1=follow, -1=invert), content-reveal opacity+translateY, duration 300ms","body perspective (1000px), grid-container gap (40px), card-inner border-radius (20px), grid-template-columns (8/4/3/2 cols)",layout,Card Border Radius,css,.card-inner,borderRadius,0,40,1,20,px
Gallery-and-Carousel,LoopedTabsWithPerspective.html,Looped Tabs With Perspective,Endless marquee with card hover straighten and pause,"pageVisible; hover",continuous-loop,"marquee translateX (0→-270rem), duration (60s), iterations (∞), card rotateY (25deg→0deg), card scale (1→1.05), animationPlayState→paused","carousel gap (2rem), card width (16rem)/padding/border-radius/box-shadow, perspective (1000px), totalCards (30)",animation,Marquee Speed,durationScale,,,0.25,3,0.1,1,×
Gallery-and-Carousel,LoopedTabsWithPerspective.html,Looped Tabs With Perspective,Endless marquee with card hover straighten and pause,"pageVisible; hover",continuous-loop,"marquee translateX (0→-270rem), duration (60s), iterations (∞), card rotateY (25deg→0deg), card scale (1→1.05), animationPlayState→paused","carousel gap (2rem), card width (16rem)/padding/border-radius/box-shadow, perspective (1000px), totalCards (30)",layout,Perspective,css,.perspective-container,perspective,300,2000,50,1000,px
Gallery-and-Carousel,LoopedTabsWithPerspective.html,Looped Tabs With Perspective,Endless marquee with card hover straighten and pause,"pageVisible; hover",continuous-loop,"marquee translateX (0→-270rem), duration (60s), iterations (∞), card rotateY (25deg→0deg), card scale (1→1.05), animationPlayState→paused","carousel gap (2rem), card width (16rem)/padding/border-radius/box-shadow, perspective (1000px), totalCards (30)",layout,Card Border Radius,css,.card,borderRadius,0,40,1,16,px
Gallery-and-Carousel,LoopedTabsWithPerspective.html,Looped Tabs With Perspective,Endless marquee with card hover straighten and pause,"pageVisible; hover",continuous-loop,"marquee translateX (0→-270rem), duration (60s), iterations (∞), card rotateY (25deg→0deg), card scale (1→1.05), animationPlayState→paused","carousel gap (2rem), card width (16rem)/padding/border-radius/box-shadow, perspective (1000px), totalCards (30)",layout,Card Gap,css,.carousel,gap,0,100,2,32,px
Gallery-and-Carousel,MantaRay.html,Breathing Gallery (MantaRay),Breathing vertical animation with hover scale-up,"viewEnter; hover",entrance-reveal,"breathe translateY (-62px→262px), duration (2s), easing (ease-in-out), iterations (∞), stagger (index×150ms), scale-up (1→HOVER_SCALE)","gallery-wrapper perspective (1000px), item width (BASE_SIZE vw), img border-radius/box-shadow, tooltip font-size, imageData.length (26)",animation,Breathing Speed,speed,,,0.5,3,0.1,1,×
Gallery-and-Carousel,MantaRay.html,Breathing Gallery (MantaRay),Breathing vertical animation with hover scale-up,"viewEnter; hover",entrance-reveal,"breathe translateY (-62px→262px), duration (2s), easing (ease-in-out), iterations (∞), stagger (index×150ms), scale-up (1→HOVER_SCALE)","gallery-wrapper perspective (1000px), item width (BASE_SIZE vw), img border-radius/box-shadow, tooltip font-size, imageData.length (26)",animation,Hover Size,sourceConst,HOVER_SCALE,,1,4,0.1,2.5,×
Gallery-and-Carousel,MantaRay.html,Breathing Gallery (MantaRay),Breathing vertical animation with hover scale-up,"viewEnter; hover",entrance-reveal,"breathe translateY (-62px→262px), duration (2s), easing (ease-in-out), iterations (∞), stagger (index×150ms), scale-up (1→HOVER_SCALE)","gallery-wrapper perspective (1000px), item width (BASE_SIZE vw), img border-radius/box-shadow, tooltip font-size, imageData.length (26)",layout,Image Border Radius,css,img,borderRadius,0,60,1,4,px
Gallery-and-Carousel,MantaRay.html,Breathing Gallery (MantaRay),Breathing vertical animation with hover scale-up,"viewEnter; hover",entrance-reveal,"breathe translateY (-62px→262px), duration (2s), easing (ease-in-out), iterations (∞), stagger (index×150ms), scale-up (1→HOVER_SCALE)","gallery-wrapper perspective (1000px), item width (BASE_SIZE vw), img border-radius/box-shadow, tooltip font-size, imageData.length (26)",layout,Image Overlap,cssVar,--overlap-ratio,,0,0.9,0.05,0.67,
Gallery-and-Carousel,MantaRay.html,Breathing Gallery (MantaRay),Breathing vertical animation with hover scale-up,"viewEnter; hover",entrance-reveal,"breathe translateY (-62px→262px), duration (2s), easing (ease-in-out), iterations (∞), stagger (index×150ms), scale-up (1→HOVER_SCALE)","gallery-wrapper perspective (1000px), item width (BASE_SIZE vw), img border-radius/box-shadow, tooltip font-size, imageData.length (26)",layout,Image Base Size,cssVar,--base-size,,6,20,0.5,12,
Gallery-and-Carousel,MantaRay.html,Breathing Gallery (MantaRay),Breathing vertical animation with hover scale-up,"viewEnter; hover",entrance-reveal,"breathe translateY (-62px→262px), duration (2s), easing (ease-in-out), iterations (∞), stagger (index×150ms), scale-up (1→HOVER_SCALE)","gallery-wrapper perspective (1000px), item width (BASE_SIZE vw), img border-radius/box-shadow, tooltip font-size, imageData.length (26)",layout,Size Variation,cssVar,--size-variation,,0,1,0.05,0,
Gallery-and-Carousel,Mirror_Hover_Galery.html,Mirror Hover Gallery,Grid gallery with hover zoom + overlay darken + text reveal + global bg swap,hover,hover-gallery,"card-inner scale (1→1.05), overlay darkening, text opacity (0→1), text translateY (10px→0), z-index (1→10), duration (300ms)","grid-template-columns (responsive 8/4/2 cols), grid-auto-rows (180px), gap (40px), card border-radius (5px), font-size",animation,Stagger,cssVar,--stagger-delay,,0,150,5,0,ms
Gallery-and-Carousel,Mirror_Hover_Galery.html,Mirror Hover Gallery,Grid gallery with hover zoom + overlay darken + text reveal + global bg swap,hover,hover-gallery,"card-inner scale (1→1.05), overlay darkening, text opacity (0→1), text translateY (10px→0), z-index (1→10), duration (300ms)","grid-template-columns (responsive 8/4/2 cols), grid-auto-rows (180px), gap (40px), card border-radius (5px), font-size",layout,Grid Gap,css,.grid-container,gap,8,80,2,40,px
Gallery-and-Carousel,Mirror_Hover_Galery.html,Mirror Hover Gallery,Grid gallery with hover zoom + overlay darken + text reveal + global bg swap,hover,hover-gallery,"card-inner scale (1→1.05), overlay darkening, text opacity (0→1), text translateY (10px→0), z-index (1→10), duration (300ms)","grid-template-columns (responsive 8/4/2 cols), grid-auto-rows (180px), gap (40px), card border-radius (5px), font-size",layout,Row Height,css,.grid-container,gridAutoRows,120,300,10,180,px
Gallery-and-Carousel,Mirror_Hover_Galery.html,Mirror Hover Gallery,Grid gallery with hover zoom + overlay darken + text reveal + global bg swap,hover,hover-gallery,"card-inner scale (1→1.05), overlay darkening, text opacity (0→1), text translateY (10px→0), z-index (1→10), duration (300ms)","grid-template-columns (responsive 8/4/2 cols), grid-auto-rows (180px), gap (40px), card border-radius (5px), font-size",layout,Card Border Radius,css,"wix-interact-element, .card-inner",borderRadius,0,60,1,5,px
Gallery-and-Carousel,Mouse track infinite gallery.html,Mouse Track Infinite Gallery,Infinite horizontal gallery tracking mouse position,"pointerMove; customEffect",pointer-trail,"gallery-scroll translateX (mouse-driven), MAX_VELOCITY, DAMPING, ACCELERATION_FACTOR","gallery-container height/width, gallery-item width/height/border-radius",animation,Gallery Speed,sourceConst,MAX_SPEED,,1,20,1,6,px/f
Gallery-and-Carousel,Mouse track infinite gallery.html,Mouse Track Infinite Gallery,Infinite horizontal gallery tracking mouse position,"pointerMove; customEffect",pointer-trail,"gallery-scroll translateX (mouse-driven), MAX_VELOCITY, DAMPING, ACCELERATION_FACTOR","gallery-container height/width, gallery-item width/height/border-radius",animation,Blur Intensity,sourceConst,HOVER_BLUR,,2,30,1,8,px
Gallery-and-Carousel,Mouse track infinite gallery.html,Mouse Track Infinite Gallery,Infinite horizontal gallery tracking mouse position,"pointerMove; customEffect",pointer-trail,"gallery-scroll translateX (mouse-driven), MAX_VELOCITY, DAMPING, ACCELERATION_FACTOR","gallery-container height/width, gallery-item width/height/border-radius",animation,Parallax Depth,css,.parallax-layer,scale,0.5,2,0.1,1,
Gallery-and-Carousel,Mouse track infinite gallery.html,Mouse Track Infinite Gallery,Infinite horizontal gallery tracking mouse position,"pointerMove; customEffect",pointer-trail,"gallery-scroll translateX (mouse-driven), MAX_VELOCITY, DAMPING, ACCELERATION_FACTOR","gallery-container height/width, gallery-item width/height/border-radius",layout,Item Size,cssVar,--item-size,,20,60,2,40,vh
Gallery-and-Carousel,Mouse track infinite gallery.html,Mouse Track Infinite Gallery,Infinite horizontal gallery tracking mouse position,"pointerMove; customEffect",pointer-trail,"gallery-scroll translateX (mouse-driven), MAX_VELOCITY, DAMPING, ACCELERATION_FACTOR","gallery-container height/width, gallery-item width/height/border-radius",layout,Image Border Radius,css,.img-wrapper,borderRadius,0,24,1,4,px
Gallery-and-Carousel,Paragraph_Reaveal.html,Paragraph Reveal,Scroll-driven inline image reveal with staggered masks in paragraph text,viewProgress,scroll-text,"image-mask maxWidth/opacity (0→reveal), staggered cover ranges computed from track height, REVEAL_WIDTH, IMAGE_COUNT","scroll-track height (600vh), text-block font-size/line-height, image-mask height/img minWidth",animation,Animation Speed,speed,,,0.5,3,0.1,1,×
Gallery-and-Carousel,Paragraph_Reaveal.html,Paragraph Reveal,Scroll-driven inline image reveal with staggered masks in paragraph text,viewProgress,scroll-text,"image-mask maxWidth/opacity (0→reveal), staggered cover ranges computed from track height, REVEAL_WIDTH, IMAGE_COUNT","scroll-track height (600vh), text-block font-size/line-height, image-mask height/img minWidth",animation,Image Mask Width,sourceConst,REVEAL_WIDTH,,40,300,5,125,px
Gallery-and-Carousel,Paragraph_Reaveal.html,Paragraph Reveal,Scroll-driven inline image reveal with staggered masks in paragraph text,viewProgress,scroll-text,"image-mask maxWidth/opacity (0→reveal), staggered cover ranges computed from track height, REVEAL_WIDTH, IMAGE_COUNT","scroll-track height (600vh), text-block font-size/line-height, image-mask height/img minWidth",animation,Image Count,sourceConst,IMAGE_COUNT,,1,8,1,8,
Gallery-and-Carousel,Paragraph_Reaveal.html,Paragraph Reveal,Scroll-driven inline image reveal with staggered masks in paragraph text,viewProgress,scroll-text,"image-mask maxWidth/opacity (0→reveal), staggered cover ranges computed from track height, REVEAL_WIDTH, IMAGE_COUNT","scroll-track height (600vh), text-block font-size/line-height, image-mask height/img minWidth",layout,Font Size,css,.text-block,fontSize,2,6,0.1,3.5,vw
Gallery-and-Carousel,Paragraph_Reaveal.html,Paragraph Reveal,Scroll-driven inline image reveal with staggered masks in paragraph text,viewProgress,scroll-text,"image-mask maxWidth/opacity (0→reveal), staggered cover ranges computed from track height, REVEAL_WIDTH, IMAGE_COUNT","scroll-track height (600vh), text-block font-size/line-height, image-mask height/img minWidth",layout,Line Height,css,.text-block,lineHeight,1.2,2.5,0.1,1.6,
Gallery-and-Carousel,Scroll_3D_Animation.html,Scroll 3D Animation,Scroll-driven 3D animation with rotating central image and text,viewProgress,scroll-3d,"rotateY, scale, translateZ for main image; rotateY, translateX, translateZ for text elements; easing (linear)","sticky-container perspective, main-image-wrapper width/height, text-wrapper width/height/font-size",animation,Animation Speed,speed,,,0.05,2,0.05,1,×
Gallery-and-Carousel,Scroll_3D_Animation.html,Scroll 3D Animation,Scroll-driven 3D animation with rotating central image and text,viewProgress,scroll-3d,"rotateY, scale, translateZ for main image; rotateY, translateX, translateZ for text elements; easing (linear)","sticky-container perspective, main-image-wrapper width/height, text-wrapper width/height/font-size",layout,Panel Gap (Depth),cssVar,--panel-gap,,50,400,10,120,
Gallery-and-Carousel,Scroll_3D_Animation.html,Scroll 3D Animation,Scroll-driven 3D animation with rotating central image and text,viewProgress,scroll-3d,"rotateY, scale, translateZ for main image; rotateY, translateX, translateZ for text elements; easing (linear)","sticky-container perspective, main-image-wrapper width/height, text-wrapper width/height/font-size",layout,Perspective,css,.panel-wrapper,perspective,1000,4000,100,2000,px
Gallery-and-Carousel,Scroll_3D_Animation.html,Scroll 3D Animation,Scroll-driven 3D animation with rotating central image and text,viewProgress,scroll-3d,"rotateY, scale, translateZ for main image; rotateY, translateX, translateZ for text elements; easing (linear)","sticky-container perspective, main-image-wrapper width/height, text-wrapper width/height/font-size",layout,Panel Border Radius,css,.panel img,borderRadius,0,64,1,10,px
Gallery-and-Carousel,ShapeScroll.html,Shape Scroll,Scroll-driven clipPath morphing (circle→ellipse→polygon),viewProgress,scroll-shape-morph,"clipPath morph between shapes, text opacity (0→1 / 1→0), rangeStart/End % per phase, easing (ease-in-out)","scroll-section height, sticky-container background-image, text-overlay font-size/max-width",animation,Animation Speed,speed,,,0.3,3,0.1,1,×
Gallery-and-Carousel,ShapeScroll.html,Shape Scroll,Scroll-driven clipPath morphing (circle→ellipse→polygon),viewProgress,scroll-shape-morph,"clipPath morph between shapes, text opacity (0→1 / 1→0), rangeStart/End % per phase, easing (ease-in-out)","scroll-section height, sticky-container background-image, text-overlay font-size/max-width",animation,Reveal Shape,shapeScrollClip,,,,,,,
Gallery-and-Carousel,ShapeScroll.html,Shape Scroll,Scroll-driven clipPath morphing (circle→ellipse→polygon),viewProgress,scroll-shape-morph,"clipPath morph between shapes, text opacity (0→1 / 1→0), rangeStart/End % per phase, easing (ease-in-out)","scroll-section height, sticky-container background-image, text-overlay font-size/max-width",layout,Panel Width,cssVar,--pw,,30,100,1,100,
Gallery-and-Carousel,ShapeScroll.html,Shape Scroll,Scroll-driven clipPath morphing (circle→ellipse→polygon),viewProgress,scroll-shape-morph,"clipPath morph between shapes, text opacity (0→1 / 1→0), rangeStart/End % per phase, easing (ease-in-out)","scroll-section height, sticky-container background-image, text-overlay font-size/max-width",layout,Panel Height,cssVar,--ph,,30,100,1,100,
Gallery-and-Carousel,ShapeScroll.html,Shape Scroll,Scroll-driven clipPath morphing (circle→ellipse→polygon),viewProgress,scroll-shape-morph,"clipPath morph between shapes, text opacity (0→1 / 1→0), rangeStart/End % per phase, easing (ease-in-out)","scroll-section height, sticky-container background-image, text-overlay font-size/max-width",layout,Panel Border Radius,cssVar,--panel-radius,,0,48,1,0,px
Gallery-and-Carousel,SmallCarousel.html,Small Carousel,3D carousel with click/swipe navigation and modal expansion,"click; hover",click-interaction,"image-scale (1→1.05), content-fade opacity (0→1), fly-out scale (1→1.2), backdrop opacity (0→1), FLY_OUT_DURATION","carousel-container perspective, card width/height/border-radius/box-shadow, card-content padding/font-size",layout,Card Width,css,".card, .carousel",width,150,500,10,300,px
Gallery-and-Carousel,SmallCarousel.html,Small Carousel,3D carousel with click/swipe navigation and modal expansion,"click; hover",click-interaction,"image-scale (1→1.05), content-fade opacity (0→1), fly-out scale (1→1.2), backdrop opacity (0→1), FLY_OUT_DURATION","carousel-container perspective, card width/height/border-radius/box-shadow, card-content padding/font-size",layout,Card Height,css,".card, .carousel",height,250,700,10,500,px
Gallery-and-Carousel,SmallCarousel.html,Small Carousel,3D carousel with click/swipe navigation and modal expansion,"click; hover",click-interaction,"image-scale (1→1.05), content-fade opacity (0→1), fly-out scale (1→1.2), backdrop opacity (0→1), FLY_OUT_DURATION","carousel-container perspective, card width/height/border-radius/box-shadow, card-content padding/font-size",layout,Card Border Radius,css,.card,borderRadius,0,50,1,20,px
Gallery-and-Carousel,SmallCarousel.html,Small Carousel,3D carousel with click/swipe navigation and modal expansion,"click; hover",click-interaction,"image-scale (1→1.05), content-fade opacity (0→1), fly-out scale (1→1.2), backdrop opacity (0→1), FLY_OUT_DURATION","carousel-container perspective, card width/height/border-radius/box-shadow, card-content padding/font-size",layout,Card Border Width,css,.card,borderWidth,0,8,1,2,px
Gallery-and-Carousel,SnakeAnimation.html,Snake Animation,Snake of images converging on click + fade cycling,"click; toggleEffect",click-interaction,"text-fade opacity, image-cycle opacity + scale, backdrop opacity, duration/easing, IMAGE_COUNT, BASE_SIZE, SIZE_VARIATION, WAVE_AMPLITUDE","snake-image border-radius, main-image-container img border-radius",animation,Animation Speed,sourceConst,ANIM_SPEED,,0.5,3,0.1,1,×
Gallery-and-Carousel,SnakeAnimation.html,Snake Animation,Snake of images converging on click + fade cycling,"click; toggleEffect",click-interaction,"text-fade opacity, image-cycle opacity + scale, backdrop opacity, duration/easing, IMAGE_COUNT, BASE_SIZE, SIZE_VARIATION, WAVE_AMPLITUDE","snake-image border-radius, main-image-container img border-radius",animation,Image Count,sourceConst,IMAGE_COUNT,,4,24,1,12,
Gallery-and-Carousel,SnakeAnimation.html,Snake Animation,Snake of images converging on click + fade cycling,"click; toggleEffect",click-interaction,"text-fade opacity, image-cycle opacity + scale, backdrop opacity, duration/easing, IMAGE_COUNT, BASE_SIZE, SIZE_VARIATION, WAVE_AMPLITUDE","snake-image border-radius, main-image-container img border-radius",layout,Image Base Size,sourceConst,BASE_SIZE,,60,300,10,140,px
Gallery-and-Carousel,SnakeAnimation.html,Snake Animation,Snake of images converging on click + fade cycling,"click; toggleEffect",click-interaction,"text-fade opacity, image-cycle opacity + scale, backdrop opacity, duration/easing, IMAGE_COUNT, BASE_SIZE, SIZE_VARIATION, WAVE_AMPLITUDE","snake-image border-radius, main-image-container img border-radius",layout,Size Variation,sourceConst,SIZE_VARIATION,,0,200,10,100,px
Gallery-and-Carousel,SnakeAnimation.html,Snake Animation,Snake of images converging on click + fade cycling,"click; toggleEffect",click-interaction,"text-fade opacity, image-cycle opacity + scale, backdrop opacity, duration/easing, IMAGE_COUNT, BASE_SIZE, SIZE_VARIATION, WAVE_AMPLITUDE","snake-image border-radius, main-image-container img border-radius",layout,Wave Amplitude,sourceConst,WAVE_AMPLITUDE,,0,300,10,100,px
Gallery-and-Carousel,SnakeAnimation.html,Snake Animation,Snake of images converging on click + fade cycling,"click; toggleEffect",click-interaction,"text-fade opacity, image-cycle opacity + scale, backdrop opacity, duration/easing, IMAGE_COUNT, BASE_SIZE, SIZE_VARIATION, WAVE_AMPLITUDE","snake-image border-radius, main-image-container img border-radius",layout,Image Border Radius,css,".snake-image, #main-image-container img",borderRadius,0,50,1,12,px
Gallery-and-Carousel,StickyRepeaterStack.html,Sticky Repeater Stack,Sticky scroll card stack with 3D mouse-tilt,"viewProgress; pointerMove",scroll-card-stack,keyframeEffect scale (1→0.8) per card on viewProgress (cover ranges computed dynamically from STACK_GAP/SCROLL_SPEED),"scroll-section height (auto from gap), repeater-wrapper gap (STACK_GAP/SCROLL_SPEED)/perspective (1000px), card sticky top (35vh)/height (40vh)/border-radius",animation,Scroll Speed,sourceConst,SCROLL_SPEED,,0.5,3,0.1,1,×
Gallery-and-Carousel,StickyRepeaterStack.html,Sticky Repeater Stack,Sticky scroll card stack with 3D mouse-tilt,"viewProgress; pointerMove",scroll-card-stack,keyframeEffect scale (1→0.8) per card on viewProgress (cover ranges computed dynamically from STACK_GAP/SCROLL_SPEED),"scroll-section height (auto from gap), repeater-wrapper gap (STACK_GAP/SCROLL_SPEED)/perspective (1000px), card sticky top (35vh)/height (40vh)/border-radius",layout,Card Border Radius,css,.card,borderRadius,0,40,1,20,px
Gallery-and-Carousel,StickyRepeaterStack.html,Sticky Repeater Stack,Sticky scroll card stack with 3D mouse-tilt,"viewProgress; pointerMove",scroll-card-stack,keyframeEffect scale (1→0.8) per card on viewProgress (cover ranges computed dynamically from STACK_GAP/SCROLL_SPEED),"scroll-section height (auto from gap), repeater-wrapper gap (STACK_GAP/SCROLL_SPEED)/perspective (1000px), card sticky top (35vh)/height (40vh)/border-radius",layout,Stack Gap,sourceConst,STACK_GAP,,50,500,10,250,px
Gallery-and-Carousel,TitleFoldsScrollAnimation.html,Title Folds Scroll,Scroll-driven fold-in cards with scaling headings and line reveals,viewProgress,scroll-card-stack,"card-scale (0.75→1), heading-scale (2.0→1), line-reveal scaleX (0→1), content-slide-up translateY (400px→0), easing (linear)","scroll-section height (6300px), cards-repeater gap (500px), card height (95vh)/border-radius, heading font-size (80px)",animation,Animation Speed,speed,,,0.5,3,0.1,1,×
Gallery-and-Carousel,TitleFoldsScrollAnimation.html,Title Folds Scroll,Scroll-driven fold-in cards with scaling headings and line reveals,viewProgress,scroll-card-stack,"card-scale (0.75→1), heading-scale (2.0→1), line-reveal scaleX (0→1), content-slide-up translateY (400px→0), easing (linear)","scroll-section height (6300px), cards-repeater gap (500px), card height (95vh)/border-radius, heading font-size (80px)",animation,Card Entry Scale,sourceConst,CARD_SCALE_START,,0.3,1,0.05,0.75,
Gallery-and-Carousel,TitleFoldsScrollAnimation.html,Title Folds Scroll,Scroll-driven fold-in cards with scaling headings and line reveals,viewProgress,scroll-card-stack,"card-scale (0.75→1), heading-scale (2.0→1), line-reveal scaleX (0→1), content-slide-up translateY (400px→0), easing (linear)","scroll-section height (6300px), cards-repeater gap (500px), card height (95vh)/border-radius, heading font-size (80px)",layout,Card Border Radius,css,.card,borderRadius,0,48,1,24,px
Gallery-and-Carousel,TitleFoldsScrollAnimation.html,Title Folds Scroll,Scroll-driven fold-in cards with scaling headings and line reveals,viewProgress,scroll-card-stack,"card-scale (0.75→1), heading-scale (2.0→1), line-reveal scaleX (0→1), content-slide-up translateY (400px→0), easing (linear)","scroll-section height (6300px), cards-repeater gap (500px), card height (95vh)/border-radius, heading font-size (80px)",layout,Card Height,css,.card,height,60,100,5,95,vh
Gallery-and-Carousel,TitleFoldsScrollAnimation.html,Title Folds Scroll,Scroll-driven fold-in cards with scaling headings and line reveals,viewProgress,scroll-card-stack,"card-scale (0.75→1), heading-scale (2.0→1), line-reveal scaleX (0→1), content-slide-up translateY (400px→0), easing (linear)","scroll-section height (6300px), cards-repeater gap (500px), card height (95vh)/border-radius, heading font-size (80px)",layout,Image Border Radius,css,".content-container, .main-image",borderRadius,0,48,1,12,px
Gallery-and-Carousel,VerticalLanes.html,Vertical Lanes,Multi-column vertical parallax infinite loop with lightbox,viewEnter,parallax-lanes,"translateY (-50%→0 or 0→-50%) per column, duration (40s–55s), iterations (∞), easing (linear)","gallery-column width/overflow, image-container width/padding, image border-radius, lightbox dimensions",animation,Lane Speed,speed,,,0.25,5,0.1,1,×
Gallery-and-Carousel,VerticalLanes.html,Vertical Lanes,Multi-column vertical parallax infinite loop with lightbox,viewEnter,parallax-lanes,"translateY (-50%→0 or 0→-50%) per column, duration (40s–55s), iterations (∞), easing (linear)","gallery-column width/overflow, image-container width/padding, image border-radius, lightbox dimensions",layout,Image Border Radius,cssVar,--img-border-radius,,0,100,1,24,px
Gallery-and-Carousel,VerticalLanes.html,Vertical Lanes,Multi-column vertical parallax infinite loop with lightbox,viewEnter,parallax-lanes,"translateY (-50%→0 or 0→-50%) per column, duration (40s–55s), iterations (∞), easing (linear)","gallery-column width/overflow, image-container width/padding, image border-radius, lightbox dimensions",layout,Image Padding,cssVar,--img-padding,,0,50,1,15,px
Gallery-and-Carousel,VerticalLanes.html,Vertical Lanes,Multi-column vertical parallax infinite loop with lightbox,viewEnter,parallax-lanes,"translateY (-50%→0 or 0→-50%) per column, duration (40s–55s), iterations (∞), easing (linear)","gallery-column width/overflow, image-container width/padding, image border-radius, lightbox dimensions",layout,Column Width,cssVar,--col-width,,15,50,1,25,vw
Gallery-and-Carousel,WheelCarousel.html,Wheel Carousel,Continuous top-arc wheel carousel with hover scale,"pageVisible; hover",continuous-loop,"wheel-spin: rotate (0→360deg), card-counter: rotate (0→-360deg), duration (30s), iterations (∞), easing (linear), img-hover: scale (1→1.1)","--r (ring radius vmin), --cs (card size vmin), --cr (card border radius), arc-viewport height",animation,Rotation Speed,speed,,,0.25,5,0.1,1,×
Gallery-and-Carousel,WheelCarousel.html,Wheel Carousel,Continuous top-arc wheel carousel with hover scale,"pageVisible; hover",continuous-loop,"wheel-spin: rotate (0→360deg), card-counter: rotate (0→-360deg), duration (30s), iterations (∞), easing (linear), img-hover: scale (1→1.1)","--r (ring radius vmin), --cs (card size vmin), --cr (card border radius), arc-viewport height",animation,Rotation Direction,ferrisDir,,,-1,1,2,1,
Gallery-and-Carousel,WheelCarousel.html,Wheel Carousel,Continuous top-arc wheel carousel with hover scale,"pageVisible; hover",continuous-loop,"wheel-spin: rotate (0→360deg), card-counter: rotate (0→-360deg), duration (30s), iterations (∞), easing (linear), img-hover: scale (1→1.1)","--r (ring radius vmin), --cs (card size vmin), --cr (card border radius), arc-viewport height",layout,Card Border Radius,css,.card,borderRadius,0,50,1,16,px
Gallery-and-Carousel,WheelCarousel.html,Wheel Carousel,Continuous top-arc wheel carousel with hover scale,"pageVisible; hover",continuous-loop,"wheel-spin: rotate (0→360deg), card-counter: rotate (0→-360deg), duration (30s), iterations (∞), easing (linear), img-hover: scale (1→1.1)","--r (ring radius vmin), --cs (card size vmin), --cr (card border radius), arc-viewport height",layout,Ring Size,cssVar,--r,,14,100,1,65,
Gallery-and-Carousel,WheelCarousel.html,Wheel Carousel,Continuous top-arc wheel carousel with hover scale,"pageVisible; hover",continuous-loop,"wheel-spin: rotate (0→360deg), card-counter: rotate (0→-360deg), duration (30s), iterations (∞), easing (linear), img-hover: scale (1→1.1)","--r (ring radius vmin), --cs (card size vmin), --cr (card border radius), arc-viewport height",layout,Card Size,cssVar,--cs,,8,20,0.5,20,
Gallery-and-Carousel,WindowScroll.html,Window Scroll,Scroll-driven 3D panel rotation with staggered reveals,viewProgress,scroll-storytelling,"opacity (0→1→1→0), rotateX (90deg→0→0→-90deg), translateZ (-500px→0→0→-500px), rangeStart/End per panel, easing (linear)","scroll-wrapper height (600vh), sticky-container perspective (1000px), panel border-radius/box-shadow/padding",animation,Animation Speed,speed,,,0.5,2,0.1,1,×
Gallery-and-Carousel,WindowScroll.html,Window Scroll,Scroll-driven 3D panel rotation with staggered reveals,viewProgress,scroll-storytelling,"opacity (0→1→1→0), rotateX (90deg→0→0→-90deg), translateZ (-500px→0→0→-500px), rangeStart/End per panel, easing (linear)","scroll-wrapper height (600vh), sticky-container perspective (1000px), panel border-radius/box-shadow/padding",layout,Perspective,css,.sticky-container,perspective,500,2000,50,1000,px
Gallery-and-Carousel,WindowScroll.html,Window Scroll,Scroll-driven 3D panel rotation with staggered reveals,viewProgress,scroll-storytelling,"opacity (0→1→1→0), rotateX (90deg→0→0→-90deg), translateZ (-500px→0→0→-500px), rangeStart/End per panel, easing (linear)","scroll-wrapper height (600vh), sticky-container perspective (1000px), panel border-radius/box-shadow/padding",layout,Panel Height,css,.panel,height,30,100,1,100,%
Gallery-and-Carousel,WindowScroll.html,Window Scroll,Scroll-driven 3D panel rotation with staggered reveals,viewProgress,scroll-storytelling,"opacity (0→1→1→0), rotateX (90deg→0→0→-90deg), translateZ (-500px→0→0→-500px), rangeStart/End per panel, easing (linear)","scroll-wrapper height (600vh), sticky-container perspective (1000px), panel border-radius/box-shadow/padding",layout,Panel Width,css,.panel,width,30,100,1,100,%
Gallery-and-Carousel,WindowScroll.html,Window Scroll,Scroll-driven 3D panel rotation with staggered reveals,viewProgress,scroll-storytelling,"opacity (0→1→1→0), rotateX (90deg→0→0→-90deg), translateZ (-500px→0→0→-500px), rangeStart/End per panel, easing (linear)","scroll-wrapper height (600vh), sticky-container perspective (1000px), panel border-radius/box-shadow/padding",layout,Panel Border Radius,css,.panel,borderRadius,0,40,1,24,px
Typographic_interactions,Aura Stack.html,Aura Stack,Layered text stack with 3D scroll animation,viewProgress,scroll-text,"translateZ/translateY/rotateX per layer, opacity, filter blur, rangeStart/End % (staggered), easing (ease-out)","scroll-track height (400vh), sticky-container perspective, text-layer font-size/line-height/letter-spacing, numLayers",animation,Animation Speed,speed,,,0.5,2,0.1,1,×
Typographic_interactions,Aura Stack.html,Aura Stack,Layered text stack with 3D scroll animation,viewProgress,scroll-text,"translateZ/translateY/rotateX per layer, opacity, filter blur, rangeStart/End % (staggered), easing (ease-out)","scroll-track height (400vh), sticky-container perspective, text-layer font-size/line-height/letter-spacing, numLayers",animation,Blur Intensity,sourceConst,BLUR_INTENSITY,,0,3,0.1,1,×
Typographic_interactions,Aura Stack.html,Aura Stack,Layered text stack with 3D scroll animation,viewProgress,scroll-text,"translateZ/translateY/rotateX per layer, opacity, filter blur, rangeStart/End % (staggered), easing (ease-out)","scroll-track height (400vh), sticky-container perspective, text-layer font-size/line-height/letter-spacing, numLayers",layout,Main Title Size,css,.mega-text,fontSize,4,22,0.5,12,rem
Typographic_interactions,Aura Stack.html,Aura Stack,Layered text stack with 3D scroll animation,viewProgress,scroll-text,"translateZ/translateY/rotateX per layer, opacity, filter blur, rangeStart/End % (staggered), easing (ease-out)","scroll-track height (400vh), sticky-container perspective, text-layer font-size/line-height/letter-spacing, numLayers",layout,Section Heading Size,css,".slide-2 h2, .slide-3 h2",fontSize,3,12,0.5,8,rem
Typographic_interactions,Aura Stack.html,Aura Stack,Layered text stack with 3D scroll animation,viewProgress,scroll-text,"translateZ/translateY/rotateX per layer, opacity, filter blur, rangeStart/End % (staggered), easing (ease-out)","scroll-track height (400vh), sticky-container perspective, text-layer font-size/line-height/letter-spacing, numLayers",layout,Heading Letter Spacing,css,".mega-text, h2",letterSpacing,-0.1,0.1,0.01,-0.04,em
Typographic_interactions,Aura Stack.html,Aura Stack,Layered text stack with 3D scroll animation,viewProgress,scroll-text,"translateZ/translateY/rotateX per layer, opacity, filter blur, rangeStart/End % (staggered), easing (ease-out)","scroll-track height (400vh), sticky-container perspective, text-layer font-size/line-height/letter-spacing, numLayers",layout,Featured Text Size,css,"[data-interact-key=""s2-body-left""] p",fontSize,1.5,5,0.25,3,rem
Typographic_interactions,Aura Stack.html,Aura Stack,Layered text stack with 3D scroll animation,viewProgress,scroll-text,"translateZ/translateY/rotateX per layer, opacity, filter blur, rangeStart/End % (staggered), easing (ease-out)","scroll-track height (400vh), sticky-container perspective, text-layer font-size/line-height/letter-spacing, numLayers",layout,Column Gap,css,.grid,gap,1,10,0.5,5,rem
Typographic_interactions,Aura Stack.html,Aura Stack,Layered text stack with 3D scroll animation,viewProgress,scroll-text,"translateZ/translateY/rotateX per layer, opacity, filter blur, rangeStart/End % (staggered), easing (ease-out)","scroll-track height (400vh), sticky-container perspective, text-layer font-size/line-height/letter-spacing, numLayers",layout,Background Number Size,css,.bg-number,fontSize,15,55,1,38,vw
Typographic_interactions,Aura Stack.html,Aura Stack,Layered text stack with 3D scroll animation,viewProgress,scroll-text,"translateZ/translateY/rotateX per layer, opacity, filter blur, rangeStart/End % (staggered), easing (ease-out)","scroll-track height (400vh), sticky-container perspective, text-layer font-size/line-height/letter-spacing, numLayers",layout,Content Max Width,css,.max-w-7xl,maxWidth,600,1400,20,1280,px
Typographic_interactions,book animation.html,Book Animation,"3D book page-flip via keyframeEffect on scroll — cover, leaf3, leaf2 flip sequentially with shadow overlays",viewProgress,scroll-text,"3 keyframeEffects (cover-flip, leaf3-flip, leaf2-flip) with rotateY + --shadow-front/--shadow-back CSS vars, rangeStart/End cover 0-100%, fill both, desktop media condition","scroll-track height (300vh), book-container width (85vw) / max-width (136vh) / perspective (3500px), page border-radius, page-padding var",layout,Perspective,cssVar,--book-perspective,,1000,6000,100,3500,px
Typographic_interactions,book animation.html,Book Animation,"3D book page-flip via keyframeEffect on scroll — cover, leaf3, leaf2 flip sequentially with shadow overlays",viewProgress,scroll-text,"3 keyframeEffects (cover-flip, leaf3-flip, leaf2-flip) with rotateY + --shadow-front/--shadow-back CSS vars, rangeStart/End cover 0-100%, fill both, desktop media condition","scroll-track height (300vh), book-container width (85vw) / max-width (136vh) / perspective (3500px), page border-radius, page-padding var",layout,Page Border Radius,css,".leaf, .cover, .right-page, .face, .pages-stack",borderRadius,0,30,1,12,px
Typographic_interactions,book animation.html,Book Animation,"3D book page-flip via keyframeEffect on scroll — cover, leaf3, leaf2 flip sequentially with shadow overlays",viewProgress,scroll-text,"3 keyframeEffects (cover-flip, leaf3-flip, leaf2-flip) with rotateY + --shadow-front/--shadow-back CSS vars, rangeStart/End cover 0-100%, fill both, desktop media condition","scroll-track height (300vh), book-container width (85vw) / max-width (136vh) / perspective (3500px), page border-radius, page-padding var",layout,Page Padding,cssVar,--page-padding,,8,64,2,24,px
Typographic_interactions,Circular_Scroll_Nav.html,Circular Scroll Nav,"Circular wheel nav with scroll-driven rotation, staggered entrance, and hover item shift",viewProgress,scroll-text,"entrance: translateX(-150→0) + opacity stagger (STAGGER_STEP ms/item, 600ms, cubic-bezier overshoot); wheel-spin: rotate(178→-120deg) on viewProgress; hover: translateX(HOVER_SHIFT px, 150ms)","scroll-track 600vh, wheel 184vh circle, wheel-item-link calc(3vh+3px)/700/-0.02em, headline 2vh/600, ANGLE_STEP 8deg between items",animation,Hover Shift,cssVar,--hover-shift,,0,120,5,40,px
Typographic_interactions,Circular_Scroll_Nav.html,Circular Scroll Nav,"Circular wheel nav with scroll-driven rotation, staggered entrance, and hover item shift",viewProgress,scroll-text,"entrance: translateX(-150→0) + opacity stagger (STAGGER_STEP ms/item, 600ms, cubic-bezier overshoot); wheel-spin: rotate(178→-120deg) on viewProgress; hover: translateX(HOVER_SHIFT px, 150ms)","scroll-track 600vh, wheel 184vh circle, wheel-item-link calc(3vh+3px)/700/-0.02em, headline 2vh/600, ANGLE_STEP 8deg between items",animation,Entrance Stagger,cssVar,--stagger,,0,200,1,15,ms
Typographic_interactions,Circular_Scroll_Nav.html,Circular Scroll Nav,"Circular wheel nav with scroll-driven rotation, staggered entrance, and hover item shift",viewProgress,scroll-text,"entrance: translateX(-150→0) + opacity stagger (STAGGER_STEP ms/item, 600ms, cubic-bezier overshoot); wheel-spin: rotate(178→-120deg) on viewProgress; hover: translateX(HOVER_SHIFT px, 150ms)","scroll-track 600vh, wheel 184vh circle, wheel-item-link calc(3vh+3px)/700/-0.02em, headline 2vh/600, ANGLE_STEP 8deg between items",layout,Item Font Size,css,.wheel-item-link,fontSize,1.5,6,0.1,3,vh
Typographic_interactions,Circular_Scroll_Nav.html,Circular Scroll Nav,"Circular wheel nav with scroll-driven rotation, staggered entrance, and hover item shift",viewProgress,scroll-text,"entrance: translateX(-150→0) + opacity stagger (STAGGER_STEP ms/item, 600ms, cubic-bezier overshoot); wheel-spin: rotate(178→-120deg) on viewProgress; hover: translateX(HOVER_SHIFT px, 150ms)","scroll-track 600vh, wheel 184vh circle, wheel-item-link calc(3vh+3px)/700/-0.02em, headline 2vh/600, ANGLE_STEP 8deg between items",layout,Gap Between Items,cssVar,--gap,,3,11,0.5,8,deg
Typographic_interactions,Editorial Text Reveal.html,Editorial Text Reveal,Scroll-driven slide-reveal with 3 panel sections,viewProgress,scroll-text,"slide translateX/scale/brightness/blur per panel, s2-content translateY+opacity fade-up, col-1/2/3 staggered translateY+opacity, rangeStart/End % (staggered)","scroll-track height (350vh), sticky top-0, perspective (1000px), mega-text font-size clamp, bg-number 35vw, typo-columns gap/flex, max-w-7xl container",animation,Animation Speed,speed,,,0.5,2,0.1,1,×
Typographic_interactions,Editorial Text Reveal.html,Editorial Text Reveal,Scroll-driven slide-reveal with 3 panel sections,viewProgress,scroll-text,"slide translateX/scale/brightness/blur per panel, s2-content translateY+opacity fade-up, col-1/2/3 staggered translateY+opacity, rangeStart/End % (staggered)","scroll-track height (350vh), sticky top-0, perspective (1000px), mega-text font-size clamp, bg-number 35vw, typo-columns gap/flex, max-w-7xl container",layout,Main Title Size,css,.mega-text,fontSize,4,22,0.5,15,rem
Typographic_interactions,Editorial Text Reveal.html,Editorial Text Reveal,Scroll-driven slide-reveal with 3 panel sections,viewProgress,scroll-text,"slide translateX/scale/brightness/blur per panel, s2-content translateY+opacity fade-up, col-1/2/3 staggered translateY+opacity, rangeStart/End % (staggered)","scroll-track height (350vh), sticky top-0, perspective (1000px), mega-text font-size clamp, bg-number 35vw, typo-columns gap/flex, max-w-7xl container",layout,Section Heading Size,css,.slide-2 h2,fontSize,3,12,0.5,8,rem
Typographic_interactions,Editorial Text Reveal.html,Editorial Text Reveal,Scroll-driven slide-reveal with 3 panel sections,viewProgress,scroll-text,"slide translateX/scale/brightness/blur per panel, s2-content translateY+opacity fade-up, col-1/2/3 staggered translateY+opacity, rangeStart/End % (staggered)","scroll-track height (350vh), sticky top-0, perspective (1000px), mega-text font-size clamp, bg-number 35vw, typo-columns gap/flex, max-w-7xl container",layout,Heading Letter Spacing,css,".mega-text, h2",letterSpacing,-0.1,0.1,0.01,-0.04,em
Typographic_interactions,Editorial Text Reveal.html,Editorial Text Reveal,Scroll-driven slide-reveal with 3 panel sections,viewProgress,scroll-text,"slide translateX/scale/brightness/blur per panel, s2-content translateY+opacity fade-up, col-1/2/3 staggered translateY+opacity, rangeStart/End % (staggered)","scroll-track height (350vh), sticky top-0, perspective (1000px), mega-text font-size clamp, bg-number 35vw, typo-columns gap/flex, max-w-7xl container",layout,Featured Text Size,css,.slide-2 p.font-medium,fontSize,1.5,5,0.25,2.25,rem
Typographic_interactions,Editorial Text Reveal.html,Editorial Text Reveal,Scroll-driven slide-reveal with 3 panel sections,viewProgress,scroll-text,"slide translateX/scale/brightness/blur per panel, s2-content translateY+opacity fade-up, col-1/2/3 staggered translateY+opacity, rangeStart/End % (staggered)","scroll-track height (350vh), sticky top-0, perspective (1000px), mega-text font-size clamp, bg-number 35vw, typo-columns gap/flex, max-w-7xl container",layout,Column Gap,css,.typo-columns,gap,0.5,8,0.5,2,vw
Typographic_interactions,Editorial Text Reveal.html,Editorial Text Reveal,Scroll-driven slide-reveal with 3 panel sections,viewProgress,scroll-text,"slide translateX/scale/brightness/blur per panel, s2-content translateY+opacity fade-up, col-1/2/3 staggered translateY+opacity, rangeStart/End % (staggered)","scroll-track height (350vh), sticky top-0, perspective (1000px), mega-text font-size clamp, bg-number 35vw, typo-columns gap/flex, max-w-7xl container",layout,Background Number Size,css,.bg-number,fontSize,15,55,1,35,vw
Typographic_interactions,Editorial Text Reveal.html,Editorial Text Reveal,Scroll-driven slide-reveal with 3 panel sections,viewProgress,scroll-text,"slide translateX/scale/brightness/blur per panel, s2-content translateY+opacity fade-up, col-1/2/3 staggered translateY+opacity, rangeStart/End % (staggered)","scroll-track height (350vh), sticky top-0, perspective (1000px), mega-text font-size clamp, bg-number 35vw, typo-columns gap/flex, max-w-7xl container",layout,Content Max Width,css,.max-w-7xl,maxWidth,600,1400,20,1280,px
Typographic_interactions,Headline_Images_Overlay.html,Headline Images Overlay,Sequenced mask reveal with blend-mode text overlay,viewEnter,entrance-reveal,"opacity keyframes per mask (sequenced offsets), infinite iterations, STEP_DURATION 0.8s","content-layout padding/font-size/line-height, mask shapes/positions, grayscale filter, mix-blend-mode difference",animation,Animation Speed,speed,,,0.2,3,0.1,1,×
Typographic_interactions,Headline_Images_Overlay.html,Headline Images Overlay,Sequenced mask reveal with blend-mode text overlay,viewEnter,entrance-reveal,"opacity keyframes per mask (sequenced offsets), infinite iterations, STEP_DURATION 0.8s","content-layout padding/font-size/line-height, mask shapes/positions, grayscale filter, mix-blend-mode difference",layout,Text Font Size,css,.text-common,fontSize,2,12,0.25,7.5,rem
Typographic_interactions,Headline_Images_Overlay.html,Headline Images Overlay,Sequenced mask reveal with blend-mode text overlay,viewEnter,entrance-reveal,"opacity keyframes per mask (sequenced offsets), infinite iterations, STEP_DURATION 0.8s","content-layout padding/font-size/line-height, mask shapes/positions, grayscale filter, mix-blend-mode difference",layout,Content Padding,css,.content-layout,padding,1,12,0.5,6,vw
Typographic_interactions,Headline_Images_Overlay.html,Headline Images Overlay,Sequenced mask reveal with blend-mode text overlay,viewEnter,entrance-reveal,"opacity keyframes per mask (sequenced offsets), infinite iterations, STEP_DURATION 0.8s","content-layout padding/font-size/line-height, mask shapes/positions, grayscale filter, mix-blend-mode difference",layout,Image Grayscale,cssVar,--grayscale,,0,100,5,100,%
Typographic_interactions,Headline_Images_Overlay.html,Headline Images Overlay,Sequenced mask reveal with blend-mode text overlay,viewEnter,entrance-reveal,"opacity keyframes per mask (sequenced offsets), infinite iterations, STEP_DURATION 0.8s","content-layout padding/font-size/line-height, mask shapes/positions, grayscale filter, mix-blend-mode difference",layout,Mask Scale,cssVar,--mask-scale,,0.3,2,0.05,1,
Typographic_interactions,IconText Pro gallery.html,IconText Pro Gallery,Expanding column gallery with hover toggle,hover,hover-accordion,"expand width (180px→700px), icon transform, transition 800ms cubic-bezier","feature-column border-radius (2.5rem), feature-container gap (1.25rem), expand/collapse widths",animation,Panel Speed,cssVar,--panel-speed,,0.2,3,0.1,1,×
Typographic_interactions,IconText Pro gallery.html,IconText Pro Gallery,Expanding column gallery with hover toggle,hover,hover-accordion,"expand width (180px→700px), icon transform, transition 800ms cubic-bezier","feature-column border-radius (2.5rem), feature-container gap (1.25rem), expand/collapse widths",animation,Open Width,cssVar,--panel-open-width,,300,1200,10,700,px
Typographic_interactions,IconText Pro gallery.html,IconText Pro Gallery,Expanding column gallery with hover toggle,hover,hover-accordion,"expand width (180px→700px), icon transform, transition 800ms cubic-bezier","feature-column border-radius (2.5rem), feature-container gap (1.25rem), expand/collapse widths",layout,Panel Border Radius,css,.feature-column,borderRadius,0,60,1,40,px
Typographic_interactions,IconText Pro gallery.html,IconText Pro Gallery,Expanding column gallery with hover toggle,hover,hover-accordion,"expand width (180px→700px), icon transform, transition 800ms cubic-bezier","feature-column border-radius (2.5rem), feature-container gap (1.25rem), expand/collapse widths",layout,Panel Gap,css,.feature-container,gap,0,60,2,20,px
Typographic_interactions,IconText Pro gallery.html,IconText Pro Gallery,Expanding column gallery with hover toggle,hover,hover-accordion,"expand width (180px→700px), icon transform, transition 800ms cubic-bezier","feature-column border-radius (2.5rem), feature-container gap (1.25rem), expand/collapse widths",layout,Panel Default Width,cssVar,--panel-default-width,,80,400,10,180,px
Typographic_interactions,IconText Pro gallery.html,IconText Pro Gallery,Expanding column gallery with hover toggle,hover,hover-accordion,"expand width (180px→700px), icon transform, transition 800ms cubic-bezier","feature-column border-radius (2.5rem), feature-container gap (1.25rem), expand/collapse widths",layout,Panel Default Height,css,.feature-container,height,30,100,1,65,vh
Typographic_interactions,Marquee_Scroll_Velocity.html,Marquee Scroll Velocity,Velocity-responsive dual-row marquee,pageVisible,continuous-loop,"translateX (0%→-50% / -50%→0%), duration (40s), iterations (1e6), velocity physics: sensitivity (0.4), lerpFactor (0.1), clamp (±15)","body min-height (400vh), spacer height (150vh), marquee-item font-size (8vw)/font-weight/letter-spacing, row styles",animation,Marquee Speed,speed,,,0.5,3,0.1,1,×
Typographic_interactions,Marquee_Scroll_Velocity.html,Marquee Scroll Velocity,Velocity-responsive dual-row marquee,pageVisible,continuous-loop,"translateX (0%→-50% / -50%→0%), duration (40s), iterations (1e6), velocity physics: sensitivity (0.4), lerpFactor (0.1), clamp (±15)","body min-height (400vh), spacer height (150vh), marquee-item font-size (8vw)/font-weight/letter-spacing, row styles",layout,Font Size,css,.marquee-item,fontSize,4,15,0.5,8,vw
Typographic_interactions,Marquee_Scroll_Velocity.html,Marquee Scroll Velocity,Velocity-responsive dual-row marquee,pageVisible,continuous-loop,"translateX (0%→-50% / -50%→0%), duration (40s), iterations (1e6), velocity physics: sensitivity (0.4), lerpFactor (0.1), clamp (±15)","body min-height (400vh), spacer height (150vh), marquee-item font-size (8vw)/font-weight/letter-spacing, row styles",layout,Row Gap,css,.marquee-wrapper,gap,0,60,2,16,px
Typographic_interactions,Marquee_Scroll_Velocity.html,Marquee Scroll Velocity,Velocity-responsive dual-row marquee,pageVisible,continuous-loop,"translateX (0%→-50% / -50%→0%), duration (40s), iterations (1e6), velocity physics: sensitivity (0.4), lerpFactor (0.1), clamp (±15)","body min-height (400vh), spacer height (150vh), marquee-item font-size (8vw)/font-weight/letter-spacing, row styles",layout,Stroke Width,css,.marquee-item,-webkit-text-stroke-width,1,4,0.5,2,px
Typographic_interactions,Mirror_Mouse_Track.html,Mirror Mouse Track,3D mouse-tracking with mirrored cards (responsive),"pointerMove; viewProgress",pointer-tilt,"Desktop: Tilt3DMouse (medium). Mobile: rotateY (±85deg→0), rotateX (±20deg→0), rangeStart/End (cover 0–100%)","perspective-scene max-width, track-card padding, h1 font-size, p max-width",animation,Tilt Angle,sourceConst,TILT_ANGLE,,5,90,1,50,°
Typographic_interactions,Mirror_Mouse_Track.html,Mirror Mouse Track,3D mouse-tracking with mirrored cards (responsive),"pointerMove; viewProgress",pointer-tilt,"Desktop: Tilt3DMouse (medium). Mobile: rotateY (±85deg→0), rotateX (±20deg→0), rangeStart/End (cover 0–100%)","perspective-scene max-width, track-card padding, h1 font-size, p max-width",animation,Perspective,sourceConst,TILT_PERSPECTIVE,,100,1500,50,500,px
Typographic_interactions,Mirror_Mouse_Track.html,Mirror Mouse Track,3D mouse-tracking with mirrored cards (responsive),"pointerMove; viewProgress",pointer-tilt,"Desktop: Tilt3DMouse (medium). Mobile: rotateY (±85deg→0), rotateX (±20deg→0), rangeStart/End (cover 0–100%)","perspective-scene max-width, track-card padding, h1 font-size, p max-width",animation,Pointer Latency,sourceConst,TILT_LATENCY,,0,1000,50,0,ms
Typographic_interactions,Mirror_Mouse_Track.html,Mirror Mouse Track,3D mouse-tracking with mirrored cards (responsive),"pointerMove; viewProgress",pointer-tilt,"Desktop: Tilt3DMouse (medium). Mobile: rotateY (±85deg→0), rotateX (±20deg→0), rangeStart/End (cover 0–100%)","perspective-scene max-width, track-card padding, h1 font-size, p max-width",animation,Direction,sourceConst,TILT_INVERTED,,-1,1,2,-1,
Typographic_interactions,Mirror_Mouse_Track.html,Mirror Mouse Track,3D mouse-tracking with mirrored cards (responsive),"pointerMove; viewProgress",pointer-tilt,"Desktop: Tilt3DMouse (medium). Mobile: rotateY (±85deg→0), rotateX (±20deg→0), rangeStart/End (cover 0–100%)","perspective-scene max-width, track-card padding, h1 font-size, p max-width",layout,Heading Font Size,css,h1,fontSize,2,8,0.25,5,rem
Typographic_interactions,textFoldTransition.html,Text Fold Transition,Sticky text fold transition swapping paragraphs on scroll,"pageVisible; viewProgress",scroll-text,"enter translateY (150%→0)/opacity, exit translateY (0→-150%)/opacity, load translateY (110%→0), stagger per line, composite: add","text-mask line-height/padding, line-content font-size (xl/3xl)/font-weight, snap-point heights",animation,Animation Speed,speed,,,0.5,2,0.1,1,×
Typographic_interactions,textFoldTransition.html,Text Fold Transition,Sticky text fold transition swapping paragraphs on scroll,"pageVisible; viewProgress",scroll-text,"enter translateY (150%→0)/opacity, exit translateY (0→-150%)/opacity, load translateY (110%→0), stagger per line, composite: add","text-mask line-height/padding, line-content font-size (xl/3xl)/font-weight, snap-point heights",layout,Content Max Width,css,.max-w-5xl,maxWidth,400,1400,20,1024,px
Typographic_interactions,textFoldTransition.html,Text Fold Transition,Sticky text fold transition swapping paragraphs on scroll,"pageVisible; viewProgress",scroll-text,"enter translateY (150%→0)/opacity, exit translateY (0→-150%)/opacity, load translateY (110%→0), stagger per line, composite: add","text-mask line-height/padding, line-content font-size (xl/3xl)/font-weight, snap-point heights",layout,Heading/Body Gap,css,div.mb-8,marginBottom,0,80,4,32,px
Typographic_interactions,Tunnel_Vision.html,Tunnel Vision,Layered text parallax with pointer-driven depth scaling,"pointerMove; viewEnter",pointer-tilt,"scale per layer (1.15→1.75), range per layer (20→100px), translate3d (mouse-driven), stroke-width adjusted per scale, CSS transitions (0.5s→1.1s)","ripple-container perspective (1000px), h1-box font-size (7.5rem)/line-height, stroke (4px), layer color-mix gradient, numLayers (5+main)",animation,Parallax Range,sourceConst,PARALLAX_RANGE,,5,60,1,20,px
Typographic_interactions,Tunnel_Vision.html,Tunnel Vision,Layered text parallax with pointer-driven depth scaling,"pointerMove; viewEnter",pointer-tilt,"scale per layer (1.15→1.75), range per layer (20→100px), translate3d (mouse-driven), stroke-width adjusted per scale, CSS transitions (0.5s→1.1s)","ripple-container perspective (1000px), h1-box font-size (7.5rem)/line-height, stroke (4px), layer color-mix gradient, numLayers (5+main)",animation,Pointer Latency,cssVar,--pointer-latency,,0,1000,50,500,ms
Typographic_interactions,Tunnel_Vision.html,Tunnel Vision,Layered text parallax with pointer-driven depth scaling,"pointerMove; viewEnter",pointer-tilt,"scale per layer (1.15→1.75), range per layer (20→100px), translate3d (mouse-driven), stroke-width adjusted per scale, CSS transitions (0.5s→1.1s)","ripple-container perspective (1000px), h1-box font-size (7.5rem)/line-height, stroke (4px), layer color-mix gradient, numLayers (5+main)",animation,Direction,sourceConst,MOVE_DIRECTION,,-1,1,2,-1,
Typographic_interactions,Tunnel_Vision.html,Tunnel Vision,Layered text parallax with pointer-driven depth scaling,"pointerMove; viewEnter",pointer-tilt,"scale per layer (1.15→1.75), range per layer (20→100px), translate3d (mouse-driven), stroke-width adjusted per scale, CSS transitions (0.5s→1.1s)","ripple-container perspective (1000px), h1-box font-size (7.5rem)/line-height, stroke (4px), layer color-mix gradient, numLayers (5+main)",layout,Font Size,css,.h1-box,fontSize,4,12,0.5,7.5,rem
Typographic_interactions,Tunnel_Vision.html,Tunnel Vision,Layered text parallax with pointer-driven depth scaling,"pointerMove; viewEnter",pointer-tilt,"scale per layer (1.15→1.75), range per layer (20→100px), translate3d (mouse-driven), stroke-width adjusted per scale, CSS transitions (0.5s→1.1s)","ripple-container perspective (1000px), h1-box font-size (7.5rem)/line-height, stroke (4px), layer color-mix gradient, numLayers (5+main)",layout,Stroke Width,css,".h1-box, .h1-copy",-webkit-text-stroke-width,1,8,0.5,4,px
